Crystal Structure,Mohs Hardness,Diaphaneity,Specific Gravity,Optical,Refractive Index,Dispersion,Molar Mass,Molar Volume,Calculated Density,Hydrated Water
4,-0.7572560028763221,1.4295423296310563,0.0350454103145568,-0.6627628766480502,-0.4887875961207321,-0.17201254098337718,-0.06262315198288568,-0.39536358228671636,0.5962302614399099,0.1208791459275178
5,-1.1840523754047163,1.4295423296310563,0.84626623397038,-0.6627628766480502,1.4826329506942948,-0.17201254098337718,0.9814304421779921,0.2198889703340466,0.5213605545633385,-0.2984785064825632
2,0.8076640297277908,-0.12776102945978043,-1.96052450085521,0.5673032030567672,-0.32083696130079137,-0.17201254098337718,0.8527411038106905,0.12228307594762058,0.5739519584181005,-0.2984785064825632
2,-0.3304596303479276,1.4295423296310563,-0.09071880361976509,0.5673032030567672,-1.0286289223276868,-0.17201254098337718,-0.5125572203889711,-0.4988735913428637,-0.23171913119027082,0.1208791459275178
2,1.0921949447467205,-1.685064388550617,0.12166447156733437,0.5673032030567672,0.2469961373761541,-0.17201254098337718,-0.6644269605878256,-0.6029409970471022,-0.3591802419216042,-0.2984785064825632
1,0.8076640297277908,-1.685064388550617,0.3382121246992792,0.5673032030567672,0.4589338432203657,-0.17201254098337718,1.3884961788276617,1.1587554402605649,-0.2536322161297549,-0.2984785064825632
2,-0.6149905453668573,-0.12776102945978043,-0.7695124086295145,0.5673032030567672,6.6731073315582,-0.17201254098337718,0.5207344024018956,0.22553209135016591,-0.017336116865649523,-0.2984785064825632
5,-0.3304596303479276,1.4295423296310563,-0.6695673379532323,-0.6627628766480502,-0.7527100222663546,-0.17201254098337718,2.955112741525611,1.161146541522728,0.7295348614884388,-0.2984785064825632
2,-0.3304596303479276,-0.12776102945978043,-0.6445810702841619,0.5673032030567672,-0.36082520768649085,-0.17201254098337718,4.829680453130333,4.89026824141784,-0.44573692743256693,-0.2984785064825632
1,0.8076640297277908,-0.12776102945978043,-0.4363621730419075,0.5673032030567672,-0.5527687903378535,-0.17201254098337718,0.984583202349224,1.3665016734451363,-0.6217720431130905,-0.2984785064825632
1,-1.1840523754047163,-0.12776102945978043,-0.36973212592438603,0.5673032030567672,-0.49278642075930257,-0.17201254098337718,3.3247078984711957,3.024410096767014,-0.3237540879361046,0.5402367983375986
4,0.8076640297277908,-0.12776102945978043,-0.38305813534789035,-0.6627628766480502,-0.3128393120236513,-0.17201254098337718,-0.5755077892221825,-0.6027921483817471,0.013342202049628316,-0.2984785064825632
2,0.23860219968993165,-0.12776102945978043,2.570318703136247,0.5673032030567672,0.9787810462344706,-0.17201254098337718,0.862762540932376,0.1220741331006002,0.5870998093817913,-0.2984785064825632
1,1.2344604022561854,-0.12776102945978043,-0.6487454482290069,0.5673032030567672,-0.7167206005192247,-0.17201254098337718,-0.11361655127161334,-0.08451246728300794,-0.3653889493211247,-0.2984785064825632
5,0.5231331147088613,1.4295423296310563,1.1336083121646907,-0.6627628766480502,-0.05691453515516882,-0.17201254098337718,-0.16141833881710999,-0.5004830984330321,0.8821960199001796,-0.2984785064825632
2,-0.6149905453668573,-0.12776102945978043,-0.7012166103340551,0.5673032030567672,-0.07690865834801856,-0.17201254098337718,0.28639442430593853,-0.08350306993620758,0.2613252799481254,2.2176674079779226
2,0.8076640297277908,-0.12776102945978043,0.5422666439966883,0.5673032030567672,0.2469961373761541,-0.17201254098337718,-0.0709164932651125,-0.3953080182818229,0.5750476126650751,-0.2984785064825632
2,0.665398572218326,-0.12776102945978043,0.03837691267043288,0.5673032030567672,0.3669608765332552,-0.17201254098337718,-0.03576034247703228,-0.2915648438008147,0.2602296257011511,-0.2984785064825632
6,-1.0417869178952515,1.4295423296310563,-1.3716814594541147,-1.8928289563528675,-1.044624220881967,-0.17201254098337718,-0.5715115744406855,0.12241519069469677,-1.2196340438786863,-0.2984785064825632
2,-1.468583290423646,-1.685064388550617,-1.3858403444665879,0.5673032030567672,-1.000637149857697,-0.17201254098337718,-0.257904248016412,2.5046251950964438,-1.4730953930120545,-0.2984785064825632
5,-0.18819417283846276,-0.12776102945978043,-0.5446359996078797,-0.6627628766480502,-0.5287758425064325,-0.17201254098337718,-0.6489108830774231,-0.4991620434148565,-0.6597547236748633,-0.2984785064825632
1,-1.3263178329141811,1.4295423296310563,-1.3816759665217426,0.5673032030567672,-0.9526512541948565,-0.17201254098337718,0.3956733682204302,5.3016746732441,-1.4628692867069617,0.1208791459275178
1,-1.3718427793172099,1.4295423296310563,-0.9710683011600169,0.5673032030567672,-0.5447711410607127,-0.17201254098337718,-0.03929796650093129,2.193675710539979,-1.3533038620095403,-0.2984785064825632
1,-0.7572560028763221,-0.12776102945978043,-0.5279784878284993,0.5673032030567672,-0.44080170045789163,-0.17201254098337718,0.7729472485852028,1.780572773739016,-0.8982421314329171,-0.2984785064825632
2,-0.3304596303479276,-1.685064388550617,0.4464859512652514,0.5673032030567672,0.6148880041245977,-0.17201254098337718,0.8705347800810692,-0.2902719868217291,2.152059292143293,-0.2984785064825632
1,-0.3304596303479276,1.4295423296310563,-0.5029922201594289,0.5673032030567672,-0.3728216816022014,-0.17201254098337718,-0.5097469774465639,-0.49903353431868025,-0.2222234610498274,0.5402367983375986
4,0.9499294872372557,-1.685064388550617,0.3965134159271103,-0.6627628766480502,3.24211579166511,11.854217971743088,-0.8599974907364053,-0.8102602841840895,-0.02756222317074235,-0.2984785064825632
3,1.66125677478458,-1.685064388550617,0.1508151171812501,0.5673032030567672,-0.3008428381079407,-0.17201254098337718,-0.683490330977903,-0.4995319462161523,-0.767494057960661,-0.2984785064825632
5,-0.8995214603857868,-0.12776102945978043,-0.5029922201594289,-0.6627628766480502,-0.7367147237120745,-0.17201254098337718,0.14595197414751693,-0.1877398487801557,0.2985775243452484,1.3789521031577605
1,1.2344604022561854,-0.12776102945978043,-0.6112660467254012,0.5673032030567672,-0.6447417570249632,-0.17201254098337718,0.021862931713446172,-0.0840529779247374,-0.15319724349045227,-0.2984785064825632
6,1.518991317275115,-0.12776102945978043,0.37402577502494705,-3.122895036057685,0.6908656722574279,3.0462744976335636,-0.6254415970590722,-0.8098229834467414,2.906234632143876,-0.2984785064825632
2,-0.6149905453668573,1.4295423296310563,0.49645848660339253,0.5673032030567672,0.11103609966477279,-0.17201254098337718,1.3406863700629985,0.5372228607506173,0.34642109312978914,-0.2984785064825632
3,-0.3304596303479276,-0.12776102945978043,-0.3614033700346957,0.5673032030567672,-0.5087817193135827,-0.17201254098337718,-0.7735053761713132,-0.7064572928791776,-0.34822369945186193,-0.2984785064825632
2,-1.1840523754047163,-0.12776102945978043,-0.27811581113779416,0.5673032030567672,-0.2328628192522505,-0.17201254098337718,0.4219130918273704,-0.18810263273223798,0.7956393343892167,-0.2984785064825632
2,-0.7572560028763221,-0.12776102945978043,-0.08655442567492008,0.5673032030567672,-0.1888757482279805,-0.17201254098337718,-0.2160128809914218,-0.4988395687907825,0.7003174149024601,-0.2984785064825632
1,1.0921949447467205,-0.12776102945978043,-0.5571291334424151,0.5673032030567672,-0.5287758425064325,-0.17201254098337718,0.7699873843422703,0.7448432659640416,-0.3653889493211247,-0.2984785064825632
1,1.0921949447467205,1.4295423296310563,-0.6820604717877676,0.5673032030567672,-0.7447123729892146,-0.17201254098337718,-0.02962725471691766,-0.0840899589596083,-0.23427565776654388,-0.2984785064825632
5,-0.8995214603857868,1.4295423296310563,-1.4066622341908133,-0.6627628766480502,-0.8046947425677655,-0.17201254098337718,-0.6641025201022482,-0.604565296551218,-0.3504150079458105,-0.2984785064825632
3,0.9499294872372557,-0.12776102945978043,-0.31559521264139995,0.5673032030567672,-0.2728510656379509,-0.17201254098337718,0.7142221845418943,0.3305388153401253,0.03890746781236006,-0.2984785064825632
3,-0.47272508785739237,-0.12776102945978043,0.41317092770649066,0.5673032030567672,0.1470255214119027,-0.17201254098337718,-0.4426130721502407,0.018392069779716042,-0.9793205457090088,-0.2984785064825632
5,-0.6149905453668573,-1.685064388550617,-0.5987729128908658,-0.6627628766480502,-0.888670059977736,-0.17201254098337718,-0.6422349924992489,-0.7056316912756855,0.4687691507085763,-0.2984785064825632
3,0.38086765719939647,-0.12776102945978043,-0.8777862351954867,-4.352961115762502,-0.7127217758806542,-0.17201254098337718,-0.5885168082597798,-0.3954893178052773,-0.726954850822615,-0.2984785064825632
3,-0.18819417283846276,-0.12776102945978043,-0.37806088181407604,0.5673032030567672,-0.32083696130079137,-0.17201254098337718,-0.8165866697928882,-0.7065598227983572,-0.618485080372168,-0.2984785064825632
3,-1.1840523754047163,-0.12776102945978043,-0.6195948026150911,0.5673032030567672,-0.8766735860620254,-0.17201254098337718,-0.6572514021891446,-0.602341811829607,-0.3317888857472488,-0.2984785064825632
2,0.8076640297277908,-1.685064388550617,-0.003266866778018233,0.5673032030567672,-0.12889337864942949,-0.17201254098337718,0.38395518331801576,-0.2906397632135199,1.1356573690335476,-0.2984785064825632
4,1.3767258597656502,-1.685064388550617,2.3954148294527533,-0.6627628766480502,1.1827211028015414,-0.17201254098337718,-0.8068735619774151,-0.8102325484079363,0.6407868674835278,-0.2984785064825632
6,-1.468583290423646,1.4295423296310563,0.3881846600374203,-3.122895036057685,0.16302081996618287,-0.17201254098337718,-0.8019079031630199,-0.8102371710372952,0.703239159561058,-0.2984785064825632
2,-0.8995214603857868,1.4295423296310563,-1.1526351795552627,0.5673032030567672,-0.7527100222663546,-0.17201254098337718,-0.7730702454390278,-0.08509260726754558,-1.4026083031233798,-0.2984785064825632
1,-0.3304596303479276,-1.685064388550617,-0.08655442567492008,0.5673032030567672,-0.04491806123945826,-0.17201254098337718,1.4332356350294653,0.7445579572800126,0.15650769032092562,-0.2984785064825632
3,-0.47272508785739237,-0.12776102945978043,0.29656834525082804,0.5673032030567672,0.5709009331003267,-0.17201254098337718,-0.5749800299493354,-0.39746336544668426,-0.6886069521785175,-0.2984785064825632
2,0.09633674218046684,1.4295423296310563,-0.5896112814122065,0.5673032030567672,-0.5407723164221431,-0.17201254098337718,-0.6385834001406803,-0.6026637317381578,-0.25180612571813127,-0.2984785064825632
2,0.9499294872372557,-1.685064388550617,-0.024088756502243604,0.5673032030567672,0.02306195761623195,-0.17201254098337718,-0.5755077892221825,-0.6027921483817471,0.013342202049628316,-0.2984785064825632
2,-1.1840523754047163,1.4295423296310563,0.4631434630446318,0.5673032030567672,-0.004929814853757875,-0.17201254098337718,0.3781337545078488,-0.29150946470109557,1.1276225712224033,-0.2984785064825632
3,0.09633674218046684,-0.12776102945978043,0.5964035572796748,0.5673032030567672,0.2150055402675938,-0.17201254098337718,-0.43570393250985134,-0.29223401562680407,-0.576850218987148,-0.2984785064825632
3,-1.0417869178952515,-0.12776102945978043,-0.2114857640202727,0.5673032030567672,-0.584759387446413,-0.17201254098337718,0.1373506794865954,1.572305755130877,-1.160103496459754,-0.2984785064825632
2,-0.18819417283846276,-0.12776102945978043,0.30989435467433235,0.5673032030567672,0.24299731273758363,-0.17201254098337718,-0.5587632471741547,-0.3960089937978002,-0.6509894896990697,-0.2984785064825632
1,-0.3304596303479276,1.4295423296310563,0.7546499191837878,-0.6627628766480502,-0.33283343521650105,-0.17201254098337718,0.12114860729225363,0.12246946036336981,-0.3474932632872126,-0.2984785064825632
1,0.9499294872372557,-1.685064388550617,-0.08655442567492008,-4.352961115762502,-0.008928639492328357,-0.17201254098337718,0.514665535950886,0.7440084191018308,-0.565528458435081,-0.2984785064825632
2,1.3767258597656502,-0.12776102945978043,1.9539907672991736,0.5673032030567672,1.834529518888458,-0.17201254098337718,-0.8256282636524349,-0.7067503675805293,-0.6747286650501776,-0.2984785064825632
2,-0.996261971492223,-0.12776102945978043,-0.4363621730419075,0.5673032030567672,-0.3048416627465112,-0.17201254098337718,-0.6281705515830335,-0.18860742385822535,-1.0914424969827032,-0.2984785064825632
3,1.3767258597656502,-0.12776102945978043,-0.2822801890826392,0.5673032030567672,-0.5647652642535623,-0.17201254098337718,-0.2444034062285801,-0.39532863520876343,0.13861200428701334,-0.2984785064825632
5,-0.8995214603857868,1.4295423296310563,-1.0426956018113522,-0.6627628766480502,-2.900078853178463,-0.17201254098337718,-0.8960768593615501,-0.8101909447437066,-0.48262395374736555,-0.2984785064825632
3,-0.3304596303479276,-0.12776102945978043,-1.061018864768671,0.5673032030567672,-0.9206606570862962,-0.17201254098337718,0.8817167355266063,0.22963393528545628,0.38842117259713405,5.572528627258571
2,-0.04592871532899797,-0.12776102945978043,0.22577392018846157,0.5673032030567672,-0.32883461057793145,-0.17201254098337718,-0.358308254258864,-0.2921095744444626,-0.4146933904349644,-0.2984785064825632
2,-1.0417869178952515,1.4295423296310563,-1.1276489118861923,0.5673032030567672,-0.9286583063634363,-0.17201254098337718,5.6647129551233615,2.9226606623284814,0.5100387940112715,3.4757403652081655
5,1.518991317275115,1.4295423296310563,-0.4946634642697386,-0.6627628766480502,-0.3728216816022014,-0.17201254098337718,-0.1857924802243639,-0.7052335904353007,3.3185658470885055,0.1208791459275178
3,-0.8995214603857868,1.4295423296310563,1.4501010359729174,0.5673032030567672,0.3149761562318443,-0.17201254098337718,3.235529607785592,0.7455531169283869,1.5724581954939338,3.0563827127980843
5,1.2344604022561854,-0.12776102945978043,0.16330825101578547,-0.6627628766480502,0.2629914359304342,2.4252015603566104,-0.4702962027609485,-0.7062770103341822,1.5560233817893208,-0.2984785064825632
5,1.3767258597656502,-0.12776102945978043,-0.6279235585047815,-0.6627628766480502,-0.7447123729892146,-0.17201254098337718,-0.8039849327770049,-0.7065988377901459,-0.5392327565076999,-0.2984785064825632
3,1.3767258597656502,1.4295423296310563,-0.6737317158980773,0.5673032030567672,-0.44480052509646123,-0.17201254098337718,-0.6876206315867032,-0.49929360344640966,-0.7810071270066762,-0.2984785064825632
5,2.088053147312974,-0.12776102945978043,-0.5363072437181897,-0.6627628766480502,-0.5287758425064325,0.6184439246418365,-0.17894457810266162,0.3295177689673407,-0.8967812591036182,-0.2984785064825632
2,0.9499294872372557,-0.12776102945978043,-0.5029922201594289,0.5673032030567672,-0.6287464584706839,0.39259922017748977,-0.17894457810266162,0.3295177689673407,-0.8967812591036182,-0.2984785064825632
5,-0.04592871532899797,-0.12776102945978043,0.8962387693085214,-0.6627628766480502,0.9427916244873399,-0.17201254098337718,-0.0412597302932687,-0.6027386183337714,2.2532247009472455,-0.2984785064825632
2,-0.7572560028763221,-1.685064388550617,-0.3364171023656253,0.5673032030567672,-0.35682638304792125,-0.17201254098337718,0.002370883655457982,-0.2912151881161107,0.3391167314832945,-0.2984785064825632
2,-1.468583290423646,-1.685064388550617,-0.3364171023656253,-0.6627628766480502,-0.016926288769468435,-0.17201254098337718,-0.7760972352996658,-0.6032704980678018,-0.8266593872972684,-0.2984785064825632
2,-1.3263178329141811,-0.12776102945978043,-1.535757950481011,0.5673032030567672,-0.8166912164834752,-0.17201254098337718,-0.8001130963002044,-0.6047437300444699,-0.9234421791133239,-0.2984785064825632
3,-0.6149905453668573,-1.685064388550617,3.342394374110527,-0.6627628766480502,1.8025389217798977,-0.17201254098337718,0.0639033314438759,-0.49938374471890734,1.58451039221065,-0.2984785064825632
2,-0.6149905453668573,-0.12776102945978043,1.7457718700569191,0.5673032030567672,-0.2288639946136809,-0.17201254098337718,-0.03451341023154033,0.744071286861112,-0.9979466679075706,-0.2984785064825632
2,-0.18819417283846276,-0.12776102945978043,1.079471398881705,0.5673032030567672,-0.10490043081800839,-0.17201254098337718,-0.04077910373861407,-0.4984593112997228,1.2485097564718912,0.5402367983375986
3,1.8035222322940445,-0.12776102945978043,-0.37806088181407604,0.5673032030567672,-0.1968733975051197,1.1830556858027035,-0.753665640270003,-0.6046625566729282,-0.7276852869872645,-0.2984785064825632
2,0.8076640297277908,-0.12776102945978043,-0.3530746141450057,0.5673032030567672,-0.40081345407219127,0.6184439246418365,-0.21978848217164013,0.7436196559727507,-1.143668682755141,-0.2984785064825632
2,0.23860219968993165,1.4295423296310563,-0.29477332291717456,0.5673032030567672,-0.44080170045789163,-0.17201254098337718,-0.352117565810284,-0.08466556876737436,-0.7404679198686304,-0.2984785064825632
2,-0.18819417283846276,-0.12776102945978043,0.4714722189343221,0.5673032030567672,0.20700789099045372,-0.17201254098337718,-0.025626921917974915,0.7434808846393987,-0.9906423062610757,-0.2984785064825632
5,2.799380434860298,-0.12776102945978043,-0.3197595905862449,-4.352961115762502,0.04705490544765217,-0.17201254098337718,-0.9434916800084333,-0.8103131670639548,-1.0786598641013376,-0.2984785064825632
3,-0.3304596303479276,-1.685064388550617,0.6047323131693648,0.5673032030567672,3.630001781606403,7.224401530223979,-0.8256282636524349,-0.7067503675805293,-0.6747286650501776,-0.2984785064825632
5,-0.7572560028763221,1.4295423296310563,-0.840306833691881,-0.6627628766480502,-0.524777017867862,-0.17201254098337718,-0.9084750842560112,-0.706589500078841,-1.1969905227745525,-0.2984785064825632
2,-0.8995214603857868,-0.12776102945978043,-0.8961094981528049,0.5673032030567672,-0.6767323541335243,-0.17201254098337718,-0.6383747668123774,-0.2924120793097063,-1.0019640668131427,-0.2984785064825632
6,0.8076640297277908,1.4295423296310563,2.910131943435606,-1.8928289563528675,2.6222979726867552,-0.17201254098337718,-0.5502340747446998,-0.7066655885580878,1.0589615717453527,-0.2984785064825632
1,1.0921949447467205,-0.12776102945978043,-0.017425751790491453,0.5673032030567672,-0.15288632648084974,-0.17201254098337718,-0.0986823988190824,0.018671461498165558,-0.4983283312873292,-0.2984785064825632
5,0.5231331147088613,-0.12776102945978043,-0.8111561880779653,-0.6627628766480502,-0.36882285696363093,-0.17201254098337718,0.7608858139323413,0.020585784768256007,0.6992217606554859,0.1208791459275178
2,0.5231331147088613,1.4295423296310563,0.40484217181680066,0.5673032030567672,0.06305020400193233,-0.17201254098337718,-0.26022068975575857,-0.29183397328208743,-0.2098060462507864,-0.2984785064825632
5,-0.3304596303479276,1.4295423296310563,-0.836142455747036,-0.6627628766480502,-0.40481227871076086,-0.17201254098337718,0.9194258294263222,0.6417522520329809,-0.14808419033790585,3.0563827127980843
0,-0.3304596303479276,-1.685064388550617,0.41317092770649066,-1.8928289563528675,1.9424977841298496,-0.17201254098337718,0.47720305050331435,-0.18809153842177667,0.8949786527815455,-0.2984785064825632
2,0.23860219968993165,1.4295423296310563,-0.10321193745430046,0.5673032030567672,1.330677614428634,-0.17201254098337718,0.7285698642876581,0.5368358542206936,-0.20323212076894118,-0.2984785064825632
3,-0.3304596303479276,-0.12776102945978043,-0.4380279242198454,0.5673032030567672,-0.2968440134693711,-0.17201254098337718,-0.7272022763082207,-0.4995079085434863,-0.905181274997087,-0.2984785064825632
5,-0.6149905453668573,-0.12776102945978043,-0.5779510231666405,-0.6627628766480502,-0.4767911222050224,-0.17201254098337718,-0.8509558968768585,-0.8100697394019173,0.08309885577365317,-0.2984785064825632
6,1.66125677478458,-0.12776102945978043,0.293236842894952,-1.8928289563528675,0.6308833026788777,-0.17201254098337718,-0.6645354811957126,-0.8101129147601299,2.4277989442984698,-0.2984785064825632
3,-0.7572560028763221,-0.12776102945978043,1.9123469878507229,0.5673032030567672,3.13414752642372,-0.17201254098337718,1.0570786159887793,0.019145743270383455,1.117031246834986,-0.2984785064825632
5,0.8076640297277908,-0.12776102945978043,-0.7820055424640499,-0.6627628766480502,-0.8246888657606153,-0.17201254098337718,-0.21478468926976696,-0.2907977646850057,-0.11704065334030281,0.1208791459275178
4,-0.7572560028763221,-0.12776102945978043,-0.7944986762985848,-0.6627628766480502,-0.7807017947363454,-0.17201254098337718,0.04968512113548785,0.22703194967194204,-0.5582240967885862,0.5402367983375986
5,-0.7572560028763221,1.4295423296310563,0.013390645001362137,-0.6627628766480502,-0.26085459172224035,-0.17201254098337718,0.19706079822152783,-0.18684971527081295,0.38769073643248436,0.1208791459275178
3,-1.1840523754047163,-0.12776102945978043,1.4167860124141576,0.5673032030567672,1.4346470550314543,-0.17201254098337718,0.5797485804848275,-0.3953396370666384,2.2123202757268747,-0.2984785064825632
3,-0.8995214603857868,-0.12776102945978043,-1.5024429269222501,0.5673032030567672,-0.940654780279146,-0.17201254098337718,0.042960430869096185,-0.4012241517878772,0.8916916900406224,3.895098017618247
2,-1.1840523754047163,1.4295423296310563,1.079471398881705,0.5673032030567672,0.8188280606916691,-0.17201254098337718,-0.08626196842314215,-0.2921935213936203,0.15614247223860078,-0.2984785064825632
2,-1.468583290423646,1.4295423296310563,-1.7106618241645046,0.5673032030567672,0.8348233592459493,-0.17201254098337718,-0.6746110046206045,-0.29144299129091517,-1.079390300265987,-0.2984785064825632
3,0.9499294872372557,-0.12776102945978043,-0.35057598737809853,0.5673032030567672,-0.36482403232506044,-0.17201254098337718,-0.5267722707580461,-0.6026410808542996,0.21676867390450738,-0.2984785064825632
4,1.3767258597656502,-1.685064388550617,3.0284002770692067,-0.6627628766480502,1.3386752637057733,3.8367309632587774,-0.7078435128148819,-0.8102085107352702,1.886545746293208,-0.2984785064825632
3,-0.3304596303479276,1.4295423296310563,-0.9277587705336279,0.5673032030567672,0.2909832084004241,-0.17201254098337718,-0.3587170056201361,0.12249238860498973,-0.9515639714523287,0.1208791459275178
2,1.2344604022561854,1.4295423296310563,-0.13236258306821586,0.5673032030567672,-0.5047828946750123,-0.17201254098337718,0.04590395622799541,-0.08461046702541573,-0.11448412676402976,-0.2984785064825632
3,-0.47272508785739237,-0.12776102945978043,2.6202912384743877,0.5673032030567672,1.0787516621987212,2.9333521454013907,-0.4575823340848433,-0.7066300867646118,1.6418496311356339,-0.2984785064825632
3,0.23860219968993165,1.4295423296310563,2.578647459025937,0.5673032030567672,1.3466729129829142,-0.17201254098337718,-0.3366243253595919,-0.4994920066984918,0.324508008190305,-0.2984785064825632
5,-0.8995214603857868,-0.12776102945978043,-0.3447458582553153,-0.6627628766480502,-0.5887582120849835,-0.17201254098337718,-0.34355663502406514,-0.6014755310877579,0.974596194728338,0.1208791459275178
1,-0.8995214603857868,-0.12776102945978043,-0.9943888176511494,0.5673032030567672,-0.7327158990735049,-0.17201254098337718,-0.34600103174992725,0.018003768913571923,-0.8438246371665312,-0.2984785064825632
5,-1.1840523754047163,-0.12776102945978043,-0.6654029600083873,-0.6627628766480502,-0.4767911222050224,-0.17201254098337718,-0.1097753775913796,0.8473320437422299,-1.0980164224645488,-0.2984785064825632
3,1.66125677478458,-1.685064388550617,0.07169193622919362,0.5673032030567672,0.09504080111049353,-0.17201254098337718,0.04235024680261862,0.5342238837277652,-0.818989807568449,-0.2984785064825632
2,0.8076640297277908,-0.12776102945978043,-0.702882361511993,0.5673032030567672,-0.6407429323863936,-0.17201254098337718,3.351420412155148,4.372482904302737,-0.6820330266966723,0.1208791459275178
3,-1.0417869178952515,1.4295423296310563,-0.1448557169027512,0.5673032030567672,-0.33683225985507154,-0.17201254098337718,2.2641939076141977,1.9879486418593568,-0.28905837011525465,-0.2984785064825632
1,1.3767258597656502,-0.12776102945978043,0.18829451868485583,0.5673032030567672,0.05105373008622266,-0.17201254098337718,-0.11944195846900463,0.018686161459526687,-0.5275457778733083,-0.2984785064825632
2,1.2344604022561854,-0.12776102945978043,-0.18649949635120194,0.5673032030567672,-0.33283343521650105,-0.17201254098337718,-0.4454644866744753,-0.18854816174984468,-0.7631114409727641,-0.2984785064825632
0,0.8076640297277908,-1.685064388550617,1.0378276194332543,-1.8928289563528675,1.6225918130442465,-0.17201254098337718,-0.7311873228201818,-0.8102258918216596,1.593275626186444,-0.2984785064825632
2,-1.0986931008990375,1.4295423296310563,0.6172254470038998,0.5673032030567672,0.8748116056316496,-0.17201254098337718,-0.5722260923565725,-0.6030962249409727,0.028681361507267234,-0.2984785064825632
2,0.8076640297277908,-0.12776102945978043,-0.08239004773007472,0.5673032030567672,-0.1928745728665501,-0.17201254098337718,-0.5341500051243404,-0.18860391065991344,-0.9223465248663497,-0.2984785064825632
2,1.0921949447467205,-0.12776102945978043,-0.11986944923368083,0.5673032030567672,-0.1568851511194193,-0.17201254098337718,-0.16034795287509787,0.2258946903970756,-0.7974419407112894,-0.2984785064825632
2,1.3767258597656502,-0.12776102945978043,-0.044910646226468974,0.5673032030567672,0.019063132977662354,-0.17201254098337718,0.09692905157692691,0.12245623964340337,-0.3781715822024906,-0.2984785064825632
2,-0.6832779649714005,-0.12776102945978043,-0.29477332291717456,0.5673032030567672,-0.24086046852939058,-0.17201254098337718,-0.5430188914374106,-0.6025065623399568,0.14774245634513192,-0.2984785064825632
2,0.23860219968993165,-0.12776102945978043,-0.8194849439676556,0.5673032030567672,-0.4687934729278823,-0.17201254098337718,-0.19512757036432116,0.32934747130176045,-0.9135812908905561,-0.2984785064825632
1,-0.47272508785739237,-0.12776102945978043,-0.3447458582553153,0.5673032030567672,-0.280848714915091,-0.17201254098337718,-0.6162026047336332,-0.18851386184000204,-1.0702598482078687,-0.2984785064825632
3,0.23860219968993165,-0.12776102945978043,0.7463211632940978,0.5673032030567672,0.3789573504489649,-0.17201254098337718,-0.3874541725480365,-0.2921237196903007,-0.47605002826552023,-0.2984785064825632
5,-0.6149905453668573,-0.12776102945978043,-0.0157600006125536,-0.6627628766480502,0.11103609966477279,-0.17201254098337718,0.5204204728497362,-0.19272590925920668,0.9903005722683017,-0.2984785064825632
3,1.8035222322940445,-0.12776102945978043,-0.6570742041186969,-4.352961115762502,-0.6487405816635345,-0.17201254098337718,-0.39027374064106013,-0.2920607594784331,-0.48189351758271604,-0.2984785064825632
5,-0.04592871532899797,1.4295423296310563,0.7479869144720356,-0.6627628766480502,0.8948057288244994,-0.17201254098337718,-0.19146195053891893,-0.4991555717337541,0.7792045206846036,-0.2984785064825632
1,-0.04592871532899797,-0.12776102945978043,1.0294988635435636,0.5673032030567672,0.6828680229802878,-0.17201254098337718,-0.21620810337402122,-0.499177945259851,0.701778287231759,-0.2984785064825632
2,0.23860219968993165,-1.685064388550617,0.6380473367281255,0.5673032030567672,0.49892208960606604,-0.17201254098337718,-0.14967442758348526,-0.08505507151715075,-0.42126731591680955,-0.2984785064825632
5,2.799380434860298,-1.685064388550617,0.5172803763276184,-0.6627628766480502,0.20300906635188323,0.8442886291061831,-0.9048906712190795,-0.8102659237919073,-0.5929198146094362,-0.2984785064825632
3,-0.8995214603857868,-1.685064388550617,1.9956345467476244,0.5673032030567672,2.0424684000941,-0.17201254098337718,-0.39980635598818764,-0.709748604982685,2.0629460800560566,-0.2984785064825632
2,-0.18819417283846276,-0.12776102945978043,-0.5779510231666405,0.5673032030567672,-0.9566500788334261,-0.17201254098337718,-0.3909706178896213,0.2260739559636122,-1.061494614232075,-0.2984785064825632
4,1.3767258597656502,1.4295423296310563,-0.8861149910851771,-0.6627628766480502,-0.9126630078091561,-0.17201254098337718,-0.7390794377359786,-0.499604798854848,-0.9424335193942104,-0.2984785064825632
2,-0.7572560028763221,-0.12776102945978043,2.162209664541428,0.5673032030567672,2.0704601725640908,-0.17201254098337718,-0.18298145964903273,-0.4995269537764448,0.8084219672705822,-0.2984785064825632
2,-0.7572560028763221,-0.12776102945978043,-0.35723899208985066,0.5673032030567672,-1.5004902296789513,-0.17201254098337718,-0.7996770676381891,-0.8097703779246377,0.7204044094303206,-0.2984785064825632
2,0.8076640297277908,-0.12776102945978043,-0.044910646226468974,0.5673032030567672,-0.17687927431226996,-0.17201254098337718,0.5580478078845689,0.5368298448025279,-0.356623715345331,-0.2984785064825632
6,-0.18819417283846276,-0.12776102945978043,2.27881224699709,-1.8928289563528675,4.537734974561802,-0.17201254098337718,-0.826344459279133,-0.8102927350421887,0.3968211884906029,-0.2984785064825632
1,-0.04592871532899797,-0.12776102945978043,0.3715271482580399,0.5673032030567672,-0.20886987142083027,-0.17201254098337718,0.033254411972543585,-0.2920164746891752,0.406316858631046,0.9595944507476797
3,0.23860219968993165,1.4295423296310563,3.1533316154145594,0.5673032030567672,1.5706070927428364,-0.17201254098337718,1.848040211278927,0.018905366543722827,2.224007254361266,0.1208791459275178
2,0.8076640297277908,-0.12776102945978043,-0.41554028331768217,0.5673032030567672,-0.4767911222050224,-0.17201254098337718,-0.20997325740503817,0.019013536070721045,-0.6542764524399922,-0.2984785064825632
2,-0.8995214603857868,-0.12776102945978043,0.07169193622919362,0.5673032030567672,-0.3888169801564816,-0.17201254098337718,3.484869708243186,2.4044940507438604,0.006768276567783112,3.0563827127980843
4,-0.04592871532899797,-0.12776102945978043,-0.2631240505363517,-0.6627628766480502,0.29498203303899456,-0.17201254098337718,-0.3921143848832471,-0.4988209858207599,0.14664680209815734,0.1208791459275178
0,0.9499294872372557,1.4295423296310563,-0.028253134447088605,-1.8928289563528675,0.179016118520463,-0.17201254098337718,-0.6943086614014894,-0.8099841283061922,2.048702574845392,-0.2984785064825632
3,1.8035222322940445,-0.12776102945978043,-0.35723899208985066,0.5673032030567672,-0.32483578593936097,0.7878274529900966,-0.6557247068325328,-0.39592671099521254,-0.8953203867743192,-0.2984785064825632
2,0.665398572218326,-1.685064388550617,-0.3530746141450057,0.5673032030567672,-0.25285694244510026,0.7313662768740099,-0.6535580754315493,-0.4992702129418538,-0.673998228885528,-0.2984785064825632
3,-0.6149905453668573,1.4295423296310563,-0.8061589345441513,-4.352961115762502,-0.7167206005192247,-0.17201254098337718,-0.722265409245429,-0.29218834404873756,-1.178364400575991,-0.2984785064825632
3,-0.47272508785739237,-1.685064388550617,2.287141002886781,0.5673032030567672,2.210419034914041,-0.17201254098337718,-0.16258041025865153,-0.6028410558003637,1.7455715665158595,-0.2984785064825632
3,1.518991317275115,-0.12776102945978043,-0.12819820512337085,0.5673032030567672,0.011065483700522278,-0.17201254098337718,-0.8705214441351091,-0.7067560071883471,-0.9574074607695245,-0.2984785064825632
2,-1.3263178329141811,1.4295423296310563,-0.6695673379532323,0.5673032030567672,-0.5967558613621236,-0.17201254098337718,-0.4426512706824361,0.4326869053345657,-1.2181731715493873,-0.2984785064825632
5,0.5231331147088613,-0.12776102945978043,-0.07406129184038472,-0.6627628766480502,-0.13289220328799908,1.8605897991957432,-0.6585742803860053,-0.2923724171498073,-1.044694582445137,-0.2984785064825632
2,1.518991317275115,-0.12776102945978043,0.41317092770649066,0.5673032030567672,0.031059606893372026,-0.17201254098337718,0.8668974901534625,0.33018453702606154,0.19960342403524448,-0.2984785064825632
3,0.23860219968993165,-0.12776102945978043,2.578647459025937,0.5673032030567672,1.402656457922894,-0.17201254098337718,-0.08065938098452367,-0.49930626945085294,1.129083443551702,-0.2984785064825632
3,2.088053147312974,-0.12776102945978043,-0.044910646226468974,0.5673032030567672,-0.12889337864942949,-0.17201254098337718,-0.17035704883338987,0.22570747390804183,-0.8087637012633563,-0.2984785064825632
3,-1.1840523754047163,1.4295423296310563,-0.06573253595069435,0.5673032030567672,-0.0969027815408692,-0.17201254098337718,-0.12023928784682696,-0.4986367278145158,1.0001614604910698,0.1208791459275178
1,0.5231331147088613,-1.685064388550617,0.9420469267018172,0.5673032030567672,1.4186517564771741,-0.17201254098337718,0.4130524802160219,0.01858437116104457,0.2178643281514813,0.1208791459275178
3,0.8076640297277908,-1.685064388550617,-0.12819820512337085,0.5673032030567672,-0.2008722221436902,-0.17201254098337718,-0.32598278398125446,-0.29219500063501425,-0.346762827122563,-0.2984785064825632
3,0.5231331147088613,-0.12776102945978043,-0.27811581113779416,0.5673032030567672,-0.25285694244510026,-0.17201254098337718,-0.45856311609169986,-0.18865688599236502,-0.7864853982415473,-0.2984785064825632
2,-0.18819417283846276,-0.12776102945978043,-0.3497431117891296,0.5673032030567672,-0.39681462943362167,-0.17201254098337718,1.1430774363159213,1.9876109125583987,-0.7930593237233927,-0.2984785064825632
2,1.3767258597656502,-1.685064388550617,0.03837691267043288,0.5673032030567672,0.1470255214119027,0.9007498052222699,0.6100990070619887,0.01979383590649635,0.49068223564806074,-0.2984785064825632
3,-1.1840523754047163,-0.12776102945978043,-1.439977257749574,0.5673032030567672,-1.0566206947976775,-0.17201254098337718,-0.4677522260576682,1.675972841132638,-1.4887997705520182,-0.2984785064825632
2,-1.1840523754047163,-0.12776102945978043,-0.28644456702748416,0.5673032030567672,-0.2008722221436902,-0.17201254098337718,0.5645722147098832,-0.18823447012155264,1.0523876462635071,-0.2984785064825632
2,0.665398572218326,-1.685064388550617,0.7879649427425485,0.5673032030567672,0.2190043649061634,-0.17201254098337718,0.6348963311509112,0.3294885539497917,-0.042901382628381265,-0.2984785064825632
5,-1.0417869178952515,-1.685064388550617,-1.3608540767975172,-0.6627628766480502,-0.9326571310020059,-0.17201254098337718,0.19818682788075204,3.3340044113006364,-1.3883647979127152,-0.2984785064825632
2,1.9457876898035094,-0.12776102945978043,-0.29893770086201954,0.5673032030567672,-0.22086634533653993,0.7313662768740099,-0.6855554812823031,-0.49941277483128094,-0.7744332015248309,-0.2984785064825632
5,0.8076640297277908,-0.12776102945978043,-0.4030471494831468,-0.6627628766480502,-0.4168087526264714,-0.17201254098337718,3.3806337288779966,0.433775442095989,2.48258165664718,-0.2984785064825632
3,1.0921949447467205,-1.685064388550617,1.2044027372270574,-1.8928289563528675,1.7505542014784876,-0.17201254098337718,-0.4006977768016578,-0.6029566215343352,0.747795765604676,-0.2984785064825632
2,0.09633674218046684,-1.685064388550617,3.478153095112476,0.5673032030567672,2.442350863951104,-0.17201254098337718,-0.4135966662615889,-0.7066945262178742,1.9197805917847597,-0.2984785064825632
1,-0.18819417283846276,-0.12776102945978043,-0.29477332291717456,0.5673032030567672,-0.34083108449364113,-0.17201254098337718,-0.05013277758692945,0.7433578302458649,-1.0099988646242868,-0.2984785064825632
3,-0.6149905453668573,1.4295423296310563,-1.01937508532022,0.5673032030567672,-0.8806724107005959,-0.17201254098337718,-0.7136476532555117,0.2259519185485383,-1.4307300954623847,-0.2984785064825632
5,-0.3304596303479276,-0.12776102945978043,-0.3530746141450057,-0.6627628766480502,-0.6487405816635345,-0.17201254098337718,-0.8466050127409812,-0.7066228754628119,-0.8073028289340574,-0.2984785064825632
5,1.66125677478458,-0.12776102945978043,-0.07822566978522971,-0.6627628766480502,-0.07690865834801856,-0.17201254098337718,0.6420572348208415,0.01958729682674259,0.5356040597740033,-0.2984785064825632
5,-0.42720014145436364,-0.12776102945978043,-0.3197595905862449,-0.6627628766480502,-0.34083108449364113,-0.17201254098337718,0.5483490025000571,0.019641104232479608,0.40449076821942237,-0.2984785064825632
4,0.38086765719939647,-0.12776102945978043,-0.8777862351954867,-0.6627628766480502,-0.7207194251577943,-0.17201254098337718,-0.5476519403242118,0.018938649475107566,-1.1265034328858783,-0.2984785064825632
5,-0.996261971492223,-0.12776102945978043,-0.29477332291717456,-0.6627628766480502,0.2230031895447339,-0.17201254098337718,-0.551898675352203,-0.4990306682884777,-0.3547976249337073,-0.2984785064825632
0,-0.04592871532899797,-0.12776102945978043,-0.08155717214110579,-1.8928289563528675,-1.092610116544808,0.22321569182922404,-0.8703150835571752,-0.810063360173403,-0.16050160513694686,-0.2984785064825632
3,-0.6149905453668573,1.4295423296310563,0.9545400605363522,0.5673032030567672,0.7148586200888482,-0.17201254098337718,0.6859440659290855,-0.2915861078958664,1.7733281407725399,0.9595944507476797
1,0.8076640297277908,-0.12776102945978043,-0.6029372908357108,0.5673032030567672,-0.7007253019649445,-0.17201254098337718,2.1515593251134413,2.404885679903143,-0.5176848896505404,0.1208791459275178
0,-0.8995214603857868,1.4295423296310563,1.237717760785818,-1.8928289563528675,-0.9566500788334261,-0.17201254098337718,-0.6614089392837005,-0.8099413227583282,2.4599381355430463,-0.2984785064825632
3,0.9499294872372557,-0.12776102945978043,-0.12403382717852583,0.5673032030567672,-0.13289220328799908,-0.17201254098337718,0.7612271260449499,0.5374434526236229,-0.17474511034761153,-0.2984785064825632
1,-0.6149905453668573,-0.12776102945978043,-0.29477332291717456,0.5673032030567672,-0.33683225985507154,-0.17201254098337718,0.1493302392740822,1.5722396515310453,-1.1538947890602336,-0.2984785064825632
5,0.8076640297277908,-1.685064388550617,0.4922941086585475,-0.6627628766480502,1.7625506753941964,-0.17201254098337718,-0.8077865288080891,-0.8101308505620415,0.6269085803551877,-0.2984785064825632
2,-0.7572560028763221,-0.12776102945978043,-0.5029922201594289,0.5673032030567672,-0.7567088469049251,-0.17201254098337718,-0.6553812852295063,-0.4992174225145756,-0.679841718202724,-0.2984785064825632
2,-1.1840523754047163,-1.685064388550617,-0.6071016687805562,0.5673032030567672,-0.3848181555179111,-0.17201254098337718,-0.6552949916046711,-0.6025452999739839,-0.3226584336891304,-0.2984785064825632
2,1.2344604022561854,-0.12776102945978043,-0.2739514331929488,0.5673032030567672,-0.32883461057793145,-0.17201254098337718,-0.04722220281206715,-0.2915304514383848,0.23612523226771812,-0.2984785064825632
4,0.23860219968993165,-0.12776102945978043,-0.9319231484784729,0.5673032030567672,-0.792698268652055,-0.17201254098337718,-0.44464989900131735,-0.6021376765171198,0.5571519266311631,0.5402367983375986
1,0.23860219968993165,1.4295423296310563,-0.24063640963418806,0.5673032030567672,-0.280848714915091,-0.17201254098337718,0.27255599531016783,-0.08374344666286822,0.2401426311732906,0.5402367983375986
2,0.23860219968993165,-0.12776102945978043,-0.3947183935934564,0.5673032030567672,-0.32883461057793145,-0.17201254098337718,-0.05385299282880599,0.01943336326909254,-0.43660647537444847,0.1208791459275178
3,-0.18819417283846276,-1.685064388550617,0.6163925714149312,0.5673032030567672,1.6745765333456566,-0.17201254098337718,-0.808301248766437,-0.6031410644457535,-0.9621552958397461,-0.2984785064825632
2,-0.8995214603857868,-0.12776102945978043,-0.17400636251666696,0.5673032030567672,-0.4887875961207321,-0.17201254098337718,-0.6825967791924423,-0.4994627916809439,-0.7649375313843877,-0.2984785064825632
2,-1.2807928865111524,-0.12776102945978043,-0.9027725028645575,0.5673032030567672,-0.7607076715434947,-0.17201254098337718,-0.3742577203460231,-0.499090300207207,0.2039860410231415,-0.2984785064825632
2,-0.3304596303479276,-0.12776102945978043,0.2549245658023773,0.5673032030567672,0.1070372750262032,-0.17201254098337718,-0.23508327370754512,-0.29168133406065794,-0.1572146423960241,-0.2984785064825632
6,-1.0417869178952515,1.4295423296310563,-1.0277038412099102,-1.8928289563528675,-0.6807311787720939,-0.17201254098337718,-0.871676875622595,-0.8116729597161566,-0.1528320254081274,-0.2984785064825632
2,-1.3263178329141811,-0.12776102945978043,-1.2609090061212351,0.5673032030567672,-0.9166618324477257,-0.17201254098337718,1.3256496731760474,0.7471368297467319,0.06922056864531337,8.927389846539219
3,1.9457876898035094,-0.12776102945978043,-0.8702903548947657,0.5673032030567672,-0.4887875961207321,0.6749051007579232,-0.7978006909483282,-0.499697713704961,-1.1272338690505277,-0.2984785064825632
5,-0.47272508785739237,-0.12776102945978043,-0.7012166103340551,-0.6627628766480502,-0.9726453773877063,-0.17201254098337718,-0.10223844114323132,0.01828140403286407,-0.502710948275226,-0.2984785064825632
4,-0.3304596303479276,-0.12776102945978043,0.013390645001362137,-0.6627628766480502,-0.1888757482279805,-0.17201254098337718,-0.6072188865266794,-0.6029024443182494,-0.11923196183425132,-0.2984785064825632
4,0.8076640297277908,-1.685064388550617,1.1352740633426295,-0.6627628766480502,2.3823684943725527,-0.17201254098337718,-0.7268201191336867,-0.8102223786233468,1.6480583385351548,-0.2984785064825632
0,0.8076640297277908,-0.12776102945978043,-0.7944986762985848,-1.8928289563528675,-0.8486818135920364,-0.17201254098337718,-0.6058270804081818,-0.7060330279566216,0.7014130691494344,-0.2984785064825632
3,-1.0417869178952515,1.4295423296310563,-1.2442514943418548,0.5673032030567672,-1.7604138311860034,-0.17201254098337718,-0.07833399646655093,2.1945865534288473,-1.3697386757141534,-0.2984785064825632
5,1.0921949447467205,-1.685064388550617,1.5458817287043547,-0.6627628766480502,5.333501077637239,-0.17201254098337718,-0.8428831219364508,-0.8102927350421887,0.18864688156550258,-0.2984785064825632
1,-0.6149905453668573,-0.12776102945978043,2.5120174119084155,0.5673032030567672,2.5743120770239147,-0.17201254098337718,2.3548770834158685,0.8470988783173689,0.72807398915914,-0.2984785064825632
3,0.38086765719939647,-0.12776102945978043,0.096678203898264,0.5673032030567672,-0.36882285696363093,-0.17201254098337718,-0.6202438513355336,-0.1888433628607024,-1.0771989917720386,-0.2984785064825632
5,-0.47272508785739237,1.4295423296310563,0.3715271482580399,-0.6627628766480502,0.42694324611180534,-0.17201254098337718,-0.6075532686840036,-0.604593494590307,-0.11156238210543186,-0.2984785064825632
2,0.665398572218326,-0.12776102945978043,-0.3197595905862449,0.5673032030567672,-0.49278642075930257,0.7878274529900966,-0.6469420840700963,-0.3958214074984177,-0.873407301834835,-0.2984785064825632
5,0.23860219968993165,1.4295423296310563,0.36319839236834955,-0.6627628766480502,-0.08490630762515865,-0.17201254098337718,0.8473284499915255,-0.3944904600534152,2.8777476217225466,-0.2984785064825632
1,0.5231331147088613,-0.12776102945978043,-0.5946085349460208,0.5673032030567672,-0.2848475395536606,-0.17201254098337718,-0.28473408330849864,0.12054450504575394,-0.8569724881302218,0.1208791459275178
2,-0.3304596303479276,-0.12776102945978043,-0.702882361511993,0.5673032030567672,-0.4847887714821616,-0.17201254098337718,-0.1565868367192071,1.0542610885087411,-1.1980861770215268,-0.2984785064825632
0,1.3767258597656502,-0.12776102945978043,-0.34891023620016065,-4.352961115762502,-0.40481227871076086,-0.17201254098337718,-0.49642040276737126,-0.29182149218281855,-0.7050417658831307,-0.2984785064825632
2,-0.7572560028763221,-0.12776102945978043,3.1200165918557987,0.5673032030567672,2.1144472435883617,-0.17201254098337718,-0.41554923379274467,-0.7066921224506078,1.9073631769857182,-0.2984785064825632
1,-0.7572560028763221,-0.12776102945978043,-0.5904441570011758,0.5673032030567672,2.2144178595526105,-0.17201254098337718,4.700590646696112,2.817815453008321,0.23649045035004299,0.5402367983375986
3,1.2344604022561854,1.4295423296310563,-0.11986944923368083,0.5673032030567672,-0.3008428381079407,-0.17201254098337718,0.1300920582915815,-0.08456331620595543,0.01809003711984987,-0.2984785064825632
5,-1.468583290423646,-0.12776102945978043,-0.5896112814122065,-0.6627628766480502,-0.3808193308793415,-0.17201254098337718,-0.704204964067127,-0.6028713802489578,-0.5260849055440093,-0.2984785064825632
2,-0.3304596303479276,-0.12776102945978043,-0.16734335780491444,0.5673032030567672,-0.24485929316796015,-0.17201254098337718,-0.15990858812487532,-0.18828134358325144,-0.24998003530650764,-0.2984785064825632
2,0.23860219968993165,-0.12776102945978043,3.0783728124073475,0.5673032030567672,0.7708421650288286,-0.17201254098337718,-0.30095718166599034,-0.49953361036272154,0.43699517754632383,-0.2984785064825632
2,-0.3304596303479276,-0.12776102945978043,-1.01937508532022,0.5673032030567672,-0.7287170744349353,-0.17201254098337718,-0.46883545583187,0.5364042855437506,-1.2802602455445928,-0.2984785064825632
5,-1.1840523754047163,1.4295423296310563,-1.119320155996502,-0.6627628766480502,-0.7886994440134854,-0.17201254098337718,-0.75164469904178,-0.602771716359981,-0.7254939784933162,0.1208791459275178
5,0.5231331147088613,-0.12776102945978043,-0.1948282522408923,-0.6627628766480502,-0.26485341636081083,-0.17201254098337718,-0.6210193747691248,-0.4991924603160378,-0.5717371658346015,-0.2984785064825632
2,-1.3263178329141811,-0.12776102945978043,0.2882395893611381,0.5673032030567672,-0.1608839757579889,-0.17201254098337718,-0.3738355644835195,-0.6027024693721852,0.858091626466747,-0.2984785064825632
2,-1.468583290423646,-0.12776102945978043,-0.5446359996078797,0.5673032030567672,-0.5687640888921337,-0.17201254098337718,-0.5307625802552666,-0.29208960468563233,-0.7766245100187794,-0.2984785064825632
2,1.518991317275115,-0.12776102945978043,-0.05740378006100434,0.5673032030567672,-0.17288044967369948,-0.17201254098337718,-0.5203725257941852,-0.6026091847117233,0.24342959391421304,-0.2984785064825632
5,-0.6149905453668573,-0.12776102945978043,-0.25312954346872346,-0.6627628766480502,0.21100671562902332,-0.17201254098337718,-0.6191073472615655,-0.4990594210430898,-0.5662588945997306,-0.2984785064825632
5,1.66125677478458,1.4295423296310563,-0.09071880361976509,-0.6627628766480502,-0.2688522409993813,-0.17201254098337718,-0.7488932039038089,-0.49959952905737887,-0.973477056391813,-0.2984785064825632
3,0.8076640297277908,-0.12776102945978043,0.49645848660339253,0.5673032030567672,0.2669902605690038,-0.17201254098337718,0.9292272780604887,0.7436823388268576,-0.2390234928367654,-0.2984785064825632
2,-0.3304596303479276,1.4295423296310563,-0.24896516552387843,0.5673032030567672,-0.21686752069797033,-0.17201254098337718,1.9938491599498693,1.6789355767413179,-0.2503452533888322,2.6370250603880034
2,-0.8995214603857868,1.4295423296310563,-1.3475280673740129,0.5673032030567672,-0.9686465527491367,-0.17201254098337718,-0.5028674673391053,1.2615078003647953,-1.4588518878013894,-0.2984785064825632
2,0.8076640297277908,1.4295423296310563,-0.13652696101306083,0.5673032030567672,-0.012927464130897952,-0.17201254098337718,0.9900744529458023,0.22777203263229528,0.5155170652461427,-0.2984785064825632
2,-0.7572560028763221,1.4295423296310563,-1.0443613529892906,0.5673032030567672,-0.8366853396763259,-0.17201254098337718,0.37567798114119744,0.22339014981044614,-0.18058859966480734,2.6370250603880034
2,-0.6149905453668573,-0.12776102945978043,0.03837691267043288,-0.6627628766480502,-0.3848181555179111,-0.17201254098337718,1.0460382821061742,0.7412206037880903,-0.14479722759698307,-0.2984785064825632
2,1.0921949447467205,1.4295423296310563,0.21328078635392658,0.5673032030567672,0.019063132977662354,-0.17201254098337718,-0.4072338244911024,-0.6025923583408581,0.7174826647717227,-0.2984785064825632
3,-0.8027809492793508,1.4295423296310563,-0.48217033043520324,0.5673032030567672,-0.3848181555179111,-0.17201254098337718,0.3874112138851392,0.9496101220742414,-0.7861201801592226,-0.2984785064825632
2,-0.3304596303479276,-0.12776102945978043,-0.6945536056223031,0.5673032030567672,-0.6727335294949538,-0.17201254098337718,-0.7708538197530209,-0.4994180446287501,-1.0428684920335132,-0.2984785064825632
2,-1.3718427793172099,1.4295423296310563,-0.20315700813058232,0.5673032030567672,-0.21686752069797033,-0.17201254098337718,-0.2725338819936893,0.018574201376455175,-0.7415635741156047,-0.2984785064825632
1,0.5231331147088613,1.4295423296310563,-0.06989691389553972,0.5673032030567672,-0.060913359793738416,-0.17201254098337718,2.6690723132196372,1.16140060123229,0.5494823469023433,-0.2984785064825632
2,-0.3304596303479276,-0.12776102945978043,-0.6195948026150911,0.5673032030567672,-1.0966089411833777,-0.17201254098337718,0.9216050833992985,1.5744728437743096,-0.7492331538444241,-0.2984785064825632
3,1.3767258597656502,-1.685064388550617,-0.06989691389553972,0.5673032030567672,-0.1608839757579889,0.8442886291061831,0.3090278322646399,0.32988193970823054,-0.3851107257666606,-0.2984785064825632
2,1.0921949447467205,1.4295423296310563,0.12582884951217974,0.5673032030567672,0.23899848809901403,-0.17201254098337718,-0.6726992993366324,-0.6029397027108827,-0.39387595974245415,-0.2984785064825632
2,-1.1840523754047163,-0.12776102945978043,-0.06156815800584935,0.5673032030567672,-0.280848714915091,-0.17201254098337718,-0.374834135380552,0.01852926941908698,-0.8847290623869019,-0.2984785064825632
2,-0.7572560028763221,1.4295423296310563,-0.4030471494831468,0.5673032030567672,-0.5607664396149927,-0.17201254098337718,-0.566269278083967,-0.49922491117413786,-0.3993542309773253,0.1208791459275178
1,-1.1840523754047163,-0.12776102945978043,-1.2942240296799958,0.5673032030567672,-0.8326865150377554,-0.17201254098337718,-0.39606018456227554,1.9866021623797085,-1.4851475897287705,-0.2984785064825632
1,0.9499294872372557,-0.12776102945978043,0.1774671360282587,0.5673032030567672,0.035058431531942505,0.9572109813383566,-0.30102172090236856,0.12182414130487307,-0.8785203549873813,-0.2984785064825632
1,1.2344604022561854,-0.12776102945978043,-0.5862797790563304,0.5673032030567672,-0.6047535106392627,-0.17201254098337718,0.021862931713446172,-0.0840529779247374,-0.15319724349045227,-0.2984785064825632
6,-0.18819417283846276,1.4295423296310563,-0.47800595249035827,-1.8928289563528675,-0.7207194251577943,-0.17201254098337718,-0.5184602512485422,-0.49857302798195074,-0.2514409076358064,-0.2984785064825632
2,-0.7572560028763221,-0.12776102945978043,-0.1448557169027512,0.5673032030567672,0.16302081996618287,-0.17201254098337718,0.05177969045340813,-0.49808339908026045,1.5359363872614602,0.5402367983375986
2,1.0921949447467205,-0.12776102945978043,-0.08239004773007472,0.5673032030567672,0.011065483700522278,-0.17201254098337718,-0.6272238157204107,-0.4992377620837546,-0.5910937241978126,-0.2984785064825632
3,-0.47272508785739237,1.4295423296310563,2.362932681482962,0.5673032030567672,1.610595339128536,-0.17201254098337718,-0.4415951033932528,-0.708213892035544,1.7693107418669674,-0.2984785064825632
2,-1.2637210316100165,-0.12776102945978043,0.23826705402299694,-0.6627628766480502,-0.05691453515516882,-0.17201254098337718,1.2841272972698128,0.8463694274045411,-0.06444924948554086,1.7983097555678416
3,1.9457876898035094,-0.12776102945978043,-0.26562267730325884,0.5673032030567672,-0.14888750184228014,-0.17201254098337718,-0.5221615734474171,-0.4989596647015257,-0.26166701394089925,0.1208791459275178
2,0.9499294872372557,-1.685064388550617,-0.18566662076223303,0.5673032030567672,-0.3168381366622209,-0.17201254098337718,-0.5265329381145029,-0.2922347552475004,-0.767494057960661,-0.2984785064825632
0,0.665398572218326,-1.685064388550617,-0.8236493219125006,-3.122895036057685,-0.808693567206336,-0.17201254098337718,1.8737568220771497,1.884748811233189,-0.4168846989289127,-0.2984785064825632
2,-1.1840523754047163,-0.12776102945978043,2.6202912384743877,0.5673032030567672,0.9827798708730402,-0.17201254098337718,3.6380646316116305,1.158848909826201,1.1623182890432533,-0.2984785064825632
2,0.38086765719939647,-0.12776102945978043,0.4922941086585475,0.5673032030567672,-0.02092511340803803,-0.17201254098337718,0.31196187565744377,-0.08454223701608,0.30405579558011936,0.5402367983375986
5,1.0921949447467205,-0.12776102945978043,-0.6695673379532323,-0.6627628766480502,-0.784700619374915,-0.17201254098337718,0.3047812476076561,-0.289996940374878,0.9672918330818434,0.1208791459275178
2,-0.6149905453668573,-0.12776102945978043,-0.37806088181407604,0.5673032030567672,-0.5087817193135827,-0.17201254098337718,-0.309064971569551,-0.4987174389231215,0.40704729479569574,0.1208791459275178
3,0.5231331147088613,1.4295423296310563,0.49645848660339253,0.5673032030567672,2.0104778029855397,-0.17201254098337718,-0.8085138948524804,-0.7067828184386284,-0.5666241126820553,-0.2984785064825632
2,-0.7572560028763221,-0.12776102945978043,-0.4613484407109779,0.5673032030567672,-0.6287464584706839,-0.17201254098337718,-0.1496637813161611,-0.49757944002755766,0.900822142098741,-0.2984785064825632
4,0.9499294872372557,-0.12776102945978043,-0.7736767865743596,-0.6627628766480502,-0.8206900411220457,-0.17201254098337718,-0.7605693042575654,-0.8097315478380241,1.2094314216631445,-0.2984785064825632
3,-1.1840523754047163,-0.12776102945978043,-0.8278136998573457,0.5673032030567672,-0.8046947425677655,-0.17201254098337718,0.653540187911901,0.22755264264292385,0.13130764264051875,4.314455670028328
2,-0.8995214603857868,-0.12776102945978043,1.6624843111600176,0.5673032030567672,0.4829267910517859,-0.17201254098337718,-0.17055329588699736,-0.6026192620437257,1.709780194448035,-0.2984785064825632
2,0.23860219968993165,1.4295423296310563,0.6630336043971963,0.5673032030567672,1.0787516621987212,-0.17201254098337718,-0.34410133036866053,-0.29246191125419474,-0.3843802896020111,-0.2984785064825632
2,-1.3263178329141811,-0.12776102945978043,-0.37806088181407604,0.5673032030567672,-0.2728510656379509,-0.17201254098337718,-0.42260146433562357,-0.7059036867871608,1.8492935018960848,0.5402367983375986
3,0.23860219968993165,-0.12776102945978043,0.05670017562775111,0.5673032030567672,-0.1568851511194193,-0.17201254098337718,-0.6946503644787169,-0.6029931403062702,-0.48554569840596346,-0.2984785064825632
3,-1.3263178329141811,-0.12776102945978043,-0.16151322868213158,0.5673032030567672,-0.34083108449364113,-0.17201254098337718,-0.0926165183066487,1.3644797353635714,-1.2375297299125985,-0.2984785064825632
3,1.0921949447467205,-1.685064388550617,0.02588377883589751,0.5673032030567672,1.1467316810544115,-0.17201254098337718,-0.6128028752198392,-0.3958887129818836,-0.7872158344061969,-0.2984785064825632
2,-0.3304596303479276,-0.12776102945978043,-0.2073213860754277,0.5673032030567672,-0.16888162503512988,-0.17201254098337718,-0.47587148282462227,0.12203696716055491,-1.0987468586291982,-0.2984785064825632
3,0.8076640297277908,-1.685064388550617,0.2465958099126873,0.5673032030567672,0.6948644968959975,-0.17201254098337718,-0.22960530301907783,-0.3955983194055592,0.17695990293111097,-0.2984785064825632
1,0.9499294872372557,-0.12776102945978043,0.12166447156733437,0.5673032030567672,-0.17288044967369948,-0.17201254098337718,0.7550941521371689,0.6407149340048522,-0.2846757531273576,-0.2984785064825632
3,-0.18819417283846276,-0.12776102945978043,-0.9444162823130082,0.5673032030567672,-0.7607076715434947,-0.17201254098337718,0.3215512925785399,0.2270272345899959,-0.2474235087302346,2.2176674079779226
2,-1.1840523754047163,-1.685064388550617,-0.9610737940923886,0.5673032030567672,-0.9766442020262768,-0.17201254098337718,-0.4121999344185199,0.12167843602748092,-1.018398880517756,-0.2984785064825632
6,1.2344604022561854,-1.685064388550617,0.996183839984803,-1.8928289563528675,2.6622862190724548,-0.17201254098337718,-0.721933705840194,-0.6031434682130202,-0.5994937400912816,-0.2984785064825632
5,-0.04592871532899797,-0.12776102945978043,-0.25312954346872346,-0.6627628766480502,-0.5647652642535623,-0.17201254098337718,-0.8848387811597357,-0.8101797579806581,-0.3412845558876921,-0.2984785064825632
6,1.8035222322940445,1.4295423296310563,0.08251931888579077,-1.8928289563528675,0.7228562693659882,-0.17201254098337718,-0.0960755025899893,-0.6023039062688643,2.018024255930114,-0.2984785064825632
2,-0.18819417283846276,-1.685064388550617,0.3298833688095888,0.5673032030567672,0.39495264900324506,-0.17201254098337718,-0.5222288064729851,-0.18885972696863185,-0.9007986580091903,-0.2984785064825632
2,-0.18819417283846276,-0.12776102945978043,0.850430611915225,0.5673032030567672,0.2749879098461439,-0.17201254098337718,-0.4926791420289297,-0.6028373576968766,0.36102981642277865,-0.2984785064825632
2,-0.04592871532899797,-1.685064388550617,0.7588142971286335,0.5673032030567672,1.8625212913584488,-0.17201254098337718,-0.808301248766437,-0.6031410644457535,-0.9621552958397461,-0.2984785064825632
6,0.8076640297277908,-0.12776102945978043,1.6325007899571327,-1.8928289563528675,1.8025389217798977,-0.17201254098337718,-0.8448356894676066,-0.810290331274922,0.16381205196742024,-0.2984785064825632
4,-0.3304596303479276,-1.685064388550617,-0.6320879364496266,-0.6627628766480502,-0.6927276526878045,-0.17201254098337718,0.12048958916704258,-0.0855513570051187,0.004942186156159462,-0.2984785064825632
3,0.09633674218046684,-0.12776102945978043,0.21328078635392658,0.5673032030567672,-0.0969027815408692,-0.17201254098337718,-0.4019021411631106,-0.6024588568049734,0.7386653135465574,-0.2984785064825632
4,-0.7572560028763221,1.4295423296310563,3.1200165918557987,-0.6627628766480502,1.5266200217185655,-0.17201254098337718,-0.43515277336009484,-0.7081584204832385,1.8091195128403639,-0.2984785064825632
1,-0.18819417283846276,-1.685064388550617,-0.12819820512337085,0.5673032030567672,-0.5087817193135827,-0.17201254098337718,2.2880343415011835,0.953651502017517,0.5396214586795753,0.9595944507476797
2,-1.1840523754047163,-0.12776102945978043,-1.25674462817639,0.5673032030567672,-0.948652429556286,-0.17201254098337718,2.243809098292617,0.9520231345995654,0.5107692301759212,-0.2984785064825632
4,0.665398572218326,-0.12776102945978043,-0.37806088181407604,-0.6627628766480502,-0.2728510656379509,-0.17201254098337718,-0.640340663659261,-0.6026747335960321,-0.2591104873646259,-0.2984785064825632
4,-1.3263178329141811,-0.12776102945978043,-1.4691279033634896,-0.6627628766480502,-0.7567088469049251,-0.17201254098337718,-0.5437783058397943,0.7436146635330432,-1.398590904217808,-0.2984785064825632
3,0.5231331147088613,-1.685064388550617,-0.9527450382026986,0.5673032030567672,-0.8366853396763259,-0.17201254098337718,0.2841381374140257,1.883230924656915,-1.1579121879658056,-0.2984785064825632
1,-0.3304596303479276,-0.12776102945978043,-0.20315700813058232,0.5673032030567672,-0.22086634533653993,-0.17201254098337718,-0.49623446686855754,-0.18844831295569342,-0.8544159615539485,-0.2984785064825632
4,-1.0417869178952515,-0.12776102945978043,0.3881846600374203,-0.6627628766480502,-0.3048416627465112,-0.17201254098337718,0.18737154784045845,-0.4990723644052946,1.970545905227898,0.5402367983375986
5,-1.468583290423646,1.4295423296310563,-1.4024978562459682,-0.6627628766480502,-0.8246888657606153,-0.17201254098337718,-0.6749395910496717,-0.49949219160366615,-0.7408331379509551,-0.2984785064825632
5,-0.18819417283846276,-0.12776102945978043,3.136674103635179,-0.6627628766480502,1.6945706565385064,-0.17201254098337718,0.2331848893324328,-0.5009037577046872,2.1316070795331075,-0.2984785064825632
3,-0.3304596303479276,1.4295423296310563,-0.7944986762985848,0.5673032030567672,-0.7207194251577943,-0.17201254098337718,0.18804968671333977,0.01914287724018183,-0.0980493130594166,-0.2984785064825632
2,-1.3263178329141811,-1.685064388550617,-1.5940592417088422,0.5673032030567672,-1.224571329617619,-0.17201254098337718,-0.18682877491084,3.6446545343798213,-1.5234954883728682,-0.2984785064825632
5,-0.3304596303479276,-0.12776102945978043,0.3382121246992792,-0.6627628766480502,0.2749879098461439,-0.17201254098337718,0.0501246641827622,-0.6022152442377614,2.6290341076594004,0.1208791459275178
2,0.665398572218326,-1.685064388550617,1.4775859304088954,0.5673032030567672,0.3589632272561151,-0.17201254098337718,-0.4922180142976211,-0.49947813881041525,-0.16561465828949326,-0.2984785064825632
3,-1.0417869178952515,-1.685064388550617,2.0789221056445264,0.5673032030567672,1.6585812347913764,-0.17201254098337718,0.402844157710019,-0.49891297614500124,2.646564575610988,-0.2984785064825632
5,-1.6108487479331108,1.4295423296310563,-1.6023879975985325,-0.6627628766480502,-0.8166912164834752,-0.17201254098337718,-0.46373967024398083,0.12230507966336872,-1.083772917253884,-0.2984785064825632
2,-1.1271461924009305,-0.12776102945978043,-0.4363621730419075,0.5673032030567672,-0.5047828946750123,-0.17201254098337718,-0.29033656978372646,-0.18818047781064112,-0.48445004415898923,-0.2984785064825632
2,-0.8995214603857868,-0.12776102945978043,-0.9943888176511494,0.5673032030567672,-0.9046653585320152,-0.17201254098337718,-0.8167604385290456,-0.4994299710124959,-1.1874948526341096,-0.2984785064825632
1,1.3767258597656502,-0.12776102945978043,0.08834944800857363,0.5673032030567672,0.0070666590619517956,-0.17201254098337718,0.3563365489805407,0.6399519228028802,-0.6188502984544927,-0.2984785064825632
4,1.2344604022561854,-0.12776102945978043,-0.5571291334424151,-0.6627628766480502,-0.376820506240771,-0.17201254098337718,-0.6128028752198392,-0.3958887129818836,-0.7872158344061969,-0.2984785064825632
2,0.8076640297277908,-1.685064388550617,-0.16151322868213158,0.5673032030567672,-0.036920411962318184,-0.17201254098337718,0.2504676264012214,0.32978810033224665,-0.44646736359721645,-0.2984785064825632
3,-1.1840523754047163,1.4295423296310563,-1.0860051324377413,-4.352961115762502,-1.068617168713388,-0.17201254098337718,-0.814404056101975,-0.6029066971372596,-0.9884509977671273,-0.2984785064825632
5,-1.3263178329141811,1.4295423296310563,-0.9527450382026986,-0.6627628766480502,-1.000637149857697,-0.17201254098337718,-0.8833769429667748,-0.7066190849067377,-1.0388510931279413,-0.2984785064825632
3,1.2344604022561854,-0.12776102945978043,-0.1889981231181091,0.5673032030567672,-0.5647652642535623,-0.17201254098337718,-0.6541780271690367,-0.39589241108536977,-0.8913029878687471,-0.2984785064825632
0,-0.8995214603857868,1.4295423296310563,-0.8411397092808499,-1.8928289563528675,-0.7287170744349353,-0.17201254098337718,-0.759295169896834,-0.7079845171667573,-0.24778872681255915,-0.2984785064825632
1,-0.6149905453668573,-0.12776102945978043,-0.9152656366990924,0.5673032030567672,-0.7567088469049251,-0.17201254098337718,1.3559111338207548,1.4714667937708652,-0.46838044853670074,5.153170974848489
2,-0.6149905453668573,-1.685064388550617,0.8795812575291407,0.5673032030567672,0.3629620518946847,-0.17201254098337718,-0.42578662086632196,-0.4995763234579974,0.044020520964906155,-0.2984785064825632
2,0.8076640297277908,-0.12776102945978043,-0.09071880361976509,0.5673032030567672,-0.08890513226372913,-0.17201254098337718,-0.04927419135700471,-0.2913130954059312,0.23101217911517205,-0.2984785064825632
4,1.3767258597656502,1.4295423296310563,2.691085663536754,-0.6627628766480502,1.2626975955729423,-0.17201254098337718,-0.5264544036336497,-0.7065954170444203,1.2076053312515207,-0.2984785064825632
2,1.0921949447467205,-0.12776102945978043,-0.6778960938429227,0.5673032030567672,-0.7687053208206357,-0.17201254098337718,-0.5047997369324186,-0.3954876536587081,-0.5162240173212415,-0.2984785064825632
5,0.8076640297277908,-0.12776102945978043,-0.6445810702841619,-0.6627628766480502,-0.6647358802178138,-0.17201254098337718,-0.2081961083948069,-0.6018969299801105,1.5443364031549291,-0.2984785064825632
5,2.230318604822439,1.4295423296310563,0.5047872424930826,-0.6627628766480502,0.3509655779789751,-0.17201254098337718,0.4211025835048282,-0.4985504695506795,2.6998864156303997,-0.2984785064825632
2,-0.7572560028763221,-0.12776102945978043,-0.5196497319388094,0.5673032030567672,-0.4847887714821616,-0.17201254098337718,0.41322462279714195,-0.3940469649927263,1.7842846832422818,-0.2984785064825632
2,-0.6149905453668573,-0.12776102945978043,2.2454972234383295,0.5673032030567672,1.6745765333456566,-0.17201254098337718,-0.43942988977605363,-0.6045745418099358,0.5973259156868841,-0.2984785064825632
2,0.8076640297277908,-0.12776102945978043,-0.24896516552387843,0.5673032030567672,-0.2968440134693711,-0.17201254098337718,-0.10985181976707294,-0.08421846805578455,-0.3599106780862536,-0.2984785064825632
1,0.38086765719939647,-1.685064388550617,-0.4446909289315975,0.5673032030567672,-0.3928158047950512,-0.17201254098337718,-0.28316268909585685,0.12239494357810407,-0.856607270047897,-0.2984785064825632
3,-0.3304596303479276,1.4295423296310563,-0.8944437469748671,0.5673032030567672,-0.6927276526878045,-0.17201254098337718,-0.35871962637197957,-0.29176916401847725,-0.416519480846588,0.9595944507476797
0,1.0921949447467205,-0.12776102945978043,0.1691383801385687,-1.8928289563528675,0.10303845038763271,-0.17201254098337718,-0.7906721600081347,-0.8101633014201406,0.8431176850914326,-0.2984785064825632
2,1.2344604022561854,-0.12776102945978043,-0.836142455747036,0.5673032030567672,-0.8166912164834752,-0.17201254098337718,-0.5974700355227462,-0.2923724171498073,-0.9161378174668292,-0.2984785064825632
2,-1.0417869178952515,-0.12776102945978043,-0.6462468214620998,0.5673032030567672,-0.5047828946750123,-0.17201254098337718,-0.5331418534459789,0.2257486153093357,-1.2240166608665832,-0.2984785064825632
5,2.088053147312974,-0.12776102945978043,-0.36556774797954106,-0.6627628766480502,-0.21286869605939987,0.11029333959705627,-0.7606923485566106,-0.4996264327602474,-1.0103640827066116,-0.2984785064825632
2,-1.0417869178952515,-0.12776102945978043,-0.49049908632489364,0.5673032030567672,-0.5527687903378535,-0.17201254098337718,0.3530903203392634,-0.4977501075034867,2.4781990396592835,-0.2984785064825632
2,-1.3718427793172099,-0.12776102945978043,2.478702388349655,0.5673032030567672,3.10215692931516,-0.17201254098337718,0.14214858440512956,-0.49942331442622007,1.8310325977798483,-0.2984785064825632
4,-0.8995214603857868,-0.12776102945978043,2.274647869052245,-0.6627628766480502,1.670577708707087,-0.17201254098337718,-0.30526638510677206,-0.5026796794517735,0.43991692220492207,-0.2984785064825632
2,-0.3304596303479276,1.4295423296310563,-0.25312954346872346,-4.352961115762502,-0.43680287581932203,-0.17201254098337718,-0.4553728211688625,-0.49918829994961483,-0.050570962357200724,0.5402367983375986
2,-1.468583290423646,1.4295423296310563,-1.3691828326872075,0.5673032030567672,-0.9366559556405764,-0.17201254098337718,0.9657452595808191,0.7469401830938059,-0.21345822707403367,8.927389846539219
1,-1.468583290423646,-1.685064388550617,-0.6778960938429227,0.5673032030567672,-0.480789946843592,-0.17201254098337718,1.0230697637648416,0.5390057164417429,0.05862924425789568,4.314455670028328
2,1.0921949447467205,1.4295423296310563,-0.07406129184038472,0.5673032030567672,-0.012927464130897952,-0.17201254098337718,-0.2920998996983774,-0.2920849820562735,-0.2759105191515639,-0.2984785064825632
4,-0.3304596303479276,-0.12776102945978043,-0.9444162823130082,-0.6627628766480502,-0.5767617381692729,-0.17201254098337718,-0.6106169705520211,0.5362578406456628,-1.4077213562759263,-0.2984785064825632
4,-0.8995214603857868,-0.12776102945978043,-0.29477332291717456,-0.6627628766480502,-0.2968440134693711,-0.17201254098337718,0.3457538757034452,0.2231170448679247,-0.21455388132100825,-0.2984785064825632
3,0.9499294872372557,-1.685064388550617,0.2465958099126873,0.5673032030567672,-0.07290983370944898,-0.17201254098337718,0.27996726455927046,0.22594979213903318,-0.2934409871031513,0.1208791459275178
1,-0.3304596303479276,1.4295423296310563,-0.5196497319388094,0.5673032030567672,-0.6327452831092535,-0.17201254098337718,-0.32350789201509067,-0.08452781441248025,-0.6955460957426876,0.1208791459275178
5,-1.1840523754047163,1.4295423296310563,-0.9777313058717689,-0.6627628766480502,-0.6127511599164037,-0.17201254098337718,-0.8745921999731341,-0.7064794815001001,-0.9840683807792304,-0.2984785064825632
5,0.5231331147088613,1.4295423296310563,-0.7445261409604441,-0.6627628766480502,-0.7687053208206357,-0.17201254098337718,-0.6771820738831047,-0.6025434509222404,-0.4143281723526395,-0.2984785064825632
4,-0.18819417283846276,1.4295423296310563,0.704677383845647,-0.6627628766480502,1.0587575390058714,3.1027356737496508,-0.6706632071553347,-0.8100325734618722,2.347450966187028,-0.2984785064825632
3,1.2344604022561854,-0.12776102945978043,-0.44052655098675253,0.5673032030567672,-0.32483578593936097,-0.17201254098337718,-0.5348977829589082,-0.6025241283315204,0.1817077380013322,-0.2984785064825632
3,1.0921949447467205,-1.685064388550617,0.7962936986322392,0.5673032030567672,2.6902779915424455,-0.17201254098337718,-0.6712908987033888,-0.6031749020926606,-0.3869368161782843,-0.2984785064825632
2,0.38086765719939647,-0.12776102945978043,0.704677383845647,0.5673032030567672,0.49492326496749645,-0.17201254098337718,-0.3106149486544237,-0.49914188875085186,0.40449076821942237,-0.2984785064825632
3,-1.3263178329141811,-0.12776102945978043,-1.0027175735408393,0.5673032030567672,-0.5447711410607127,-0.17201254098337718,1.464911811889729,3.646383120402273,-1.0509032898446573,3.0563827127980843
5,0.8076640297277908,-1.685064388550617,0.9437126778797551,-0.6627628766480502,2.538322655276785,-0.17201254098337718,-0.7419819204024853,-0.8101923315325142,1.4563188453146674,-0.2984785064825632
1,-1.3263178329141811,-1.685064388550617,-0.5238141098836543,0.5673032030567672,-0.5487699656992832,-0.17201254098337718,-0.6102137635846077,-0.3958361074597789,-0.7806419089243515,-0.2984785064825632
3,-1.1840523754047163,1.4295423296310563,-0.9702354255710479,0.5673032030567672,-0.7687053208206357,-0.17201254098337718,-0.33496766648943677,-0.18795350670912117,-0.5651632403527563,1.3789521031577605
3,0.665398572218326,1.4295423296310563,0.7213348956250271,0.5673032030567672,0.2749879098461439,-0.17201254098337718,-0.25692086029481276,-0.49941693519770397,0.5750476126650751,-0.2984785064825632
5,-0.18819417283846276,-0.12776102945978043,0.2465958099126873,-0.6627628766480502,-0.02092511340803803,-0.17201254098337718,-0.8190341727541319,-0.810241238951131,0.48776049098946284,-0.2984785064825632
1,1.0921949447467205,-0.12776102945978043,0.2174451642987716,0.5673032030567672,0.06305020400193233,-0.17201254098337718,1.357045468255902,0.6408940146662144,0.22005563664542982,-0.2984785064825632
2,0.8076640297277908,-0.12776102945978043,-0.12819820512337085,0.5673032030567672,-0.34882873377078205,-0.17201254098337718,-0.15557576784330188,-0.2910798375284832,0.007498712732432507,-0.2984785064825632
2,-1.1840523754047163,-0.12776102945978043,-0.2114857640202727,0.5673032030567672,0.3629620518946847,-0.17201254098337718,2.972110338645687,3.4385088403844613,-0.565528458435081,3.4757403652081655
1,-0.8995214603857868,1.4295423296310563,1.379306610910551,0.5673032030567672,1.7465553768399162,-0.17201254098337718,-0.04233885493896821,0.01688795863893072,-0.4168846989289127,-0.2984785064825632
2,-0.8995214603857868,1.4295423296310563,-0.9277587705336279,0.5673032030567672,-0.7127217758806542,-0.17201254098337718,-0.5160940130760149,0.743543105230568,-1.3766778192783236,-0.2984785064825632
2,-0.04592871532899797,1.4295423296310563,-0.1698419845718216,0.5673032030567672,-0.20886987142083027,-0.17201254098337718,0.9064999161482036,0.8465136534405375,-0.3445715186286147,1.7983097555678416
2,0.5231331147088613,1.4295423296310563,-0.04241201945956183,0.5673032030567672,-0.24485929316796015,-0.17201254098337718,0.9216272803081489,0.6417180445757247,-0.14625809992628186,-0.2984785064825632
3,0.5231331147088613,-0.12776102945978043,0.2799108334714481,0.5673032030567672,-0.4088111033493313,-0.17201254098337718,-0.5387807447420994,-0.6028650934730297,0.1678294508729924,-0.2984785064825632
1,1.9457876898035094,-0.12776102945978043,0.07169193622919362,0.5673032030567672,0.011065483700522278,-0.17201254098337718,1.281292412815607,1.1593298481846965,-0.3215627794421561,-0.2984785064825632
1,-1.7531142054425757,1.4295423296310563,-1.6023879975985325,0.5673032030567672,-1.1845830832319186,-0.17201254098337718,-0.7315663866482778,0.32910857381649467,-1.4767475738353018,-0.2984785064825632
5,0.38086765719939647,1.4295423296310563,0.22993829813330696,-0.6627628766480502,0.02306195761623195,-0.17201254098337718,-0.13959928223426912,0.2258612225605175,-0.7737027653601815,-0.2984785064825632
3,-0.8995214603857868,-0.12776102945978043,1.1627589577786066,0.5673032030567672,-0.004929814853757875,-0.17201254098337718,4.614832591833396,0.9542287759718512,2.163746270777684,4.733813322438409
2,-0.47272508785739237,-0.12776102945978043,-0.9360875264233183,0.5673032030567672,-0.792698268652055,-0.17201254098337718,-0.15441801849414455,1.0543565920312963,-1.1966253046922277,-0.2984785064825632
2,1.0921949447467205,1.4295423296310563,-0.06156815800584935,0.5673032030567672,-0.2288639946136809,-0.17201254098337718,-0.5787424822590349,-0.499347041041798,-0.4384325657860723,-0.2984785064825632
3,1.8035222322940445,-0.12776102945978043,-0.5321428657733444,0.5673032030567672,-0.5767617381692729,-0.17201254098337718,-0.1587428433344387,-0.18802774613662437,-0.24851916297720852,0.1208791459275178
4,0.665398572218326,1.4295423296310563,-0.2114857640202727,-0.6627628766480502,-1.3205431209432998,-0.17201254098337718,-0.9041979678400525,-0.8101733787521429,-0.5848850167982921,-0.2984785064825632
3,-1.1840523754047163,-1.685064388550617,-1.169292691334643,0.5673032030567672,-0.7647064961820652,-0.17201254098337718,-0.1410945414577045,-0.08410345703733613,-0.40921511920009324,1.3789521031577605
1,1.518991317275115,-1.685064388550617,0.055034424449813255,0.5673032030567672,-0.04091923660088867,-0.17201254098337718,1.3170170003821937,1.1598506336082655,-0.2996496945026718,-0.2984785064825632
3,-0.3304596303479276,-0.12776102945978043,0.6297185808384356,-4.352961115762502,0.9028033781016395,-0.17201254098337718,-0.13826009093126207,-0.3951991091341291,0.4052212043840721,-0.2984785064825632
3,-0.3304596303479276,-1.685064388550617,0.5797460455002941,0.5673032030567672,0.2749879098461439,-0.17201254098337718,-0.22428614129968805,-0.08523905216563335,-0.5385023203430505,-0.2984785064825632
5,-1.1840523754047163,1.4295423296310563,-0.9027725028645575,-0.6627628766480502,-0.6727335294949538,-0.17201254098337718,0.3318217956442624,0.32995775082971596,-0.3613715504155525,-0.2984785064825632
5,-0.04592871532899797,-0.12776102945978043,0.4631434630446318,-0.6627628766480502,0.1750172938818934,-0.17201254098337718,-0.817081605222976,-0.8102436427183975,0.5125953205875449,-0.2984785064825632
2,-0.8995214603857868,-1.685064388550617,-0.3364171023656253,0.5673032030567672,-0.4128099279879018,-0.17201254098337718,1.0540607042406742,-0.18630544689010095,1.9227023364433573,-0.2984785064825632
1,-0.8995214603857868,-0.12776102945978043,-1.0443613529892906,0.5673032030567672,-0.7567088469049251,-0.17201254098337718,0.21169281235703713,-0.4983029739748063,2.039937340869598,1.7983097555678416
3,1.66125677478458,-0.12776102945978043,-0.13652696101306083,0.5673032030567672,-0.1968733975051197,0.6749051007579232,-0.683490330977903,-0.4995319462161523,-0.767494057960661,-0.2984785064825632
5,1.8035222322940445,1.4295423296310563,2.745222576819741,-0.6627628766480502,1.2826917187657936,-0.17201254098337718,-0.28421277280371193,-0.3958667092661345,0.040368340141658854,-0.2984785064825632
5,0.23860219968993165,-0.12776102945978043,0.8712525016394508,-0.6627628766480502,0.09104197647192304,1.91705097531183,-0.7965817405991571,-0.8102245050328528,0.770074068626485,-0.2984785064825632
6,0.9499294872372557,-0.12776102945978043,-0.9194300146439378,-1.8928289563528675,-0.9166618324477257,-0.17201254098337718,-0.5591021512024873,-0.502253657930061,-0.3668498216504236,-0.2984785064825632
0,1.66125677478458,-0.12776102945978043,0.6713623602868862,-1.8928289563528675,0.342967928701835,-0.17201254098337718,-0.5935198729363458,-0.8099944829959561,3.314913666265258,-0.2984785064825632
5,-0.04592871532899797,-0.12776102945978043,0.6047323131693648,-0.6627628766480502,0.13502904749619393,-0.17201254098337718,-0.8104519623222078,-0.8102479879899949,0.5962302614399099,-0.2984785064825632
6,2.088053147312974,-1.685064388550617,0.38235453091463706,-1.8928289563528675,0.019063132977662354,0.9572109813383566,-0.7425081587800004,-0.8099146964132212,1.441344903939353,-0.2984785064825632
2,0.5231331147088613,-0.12776102945978043,-0.3364171023656253,0.5673032030567672,-0.1968733975051197,-0.17201254098337718,-0.04222410037874556,0.22621097069780877,-0.6626764683334613,-0.2984785064825632
2,1.8035222322940445,-1.685064388550617,0.2899053405390759,0.5673032030567672,0.13103022285762345,1.1265945096866168,0.7396354841292369,0.01958470815430158,0.6721956225634553,-0.2984785064825632
5,-1.3263178329141811,1.4295423296310563,-1.0360325970996003,-0.6627628766480502,-0.740713548350645,-0.17201254098337718,-0.6893417781374626,-0.49933640899427356,-0.7864853982415473,0.1208791459275178
5,1.3767258597656502,-0.12776102945978043,0.983690706150268,-0.6627628766480502,0.23499966346044354,-0.17201254098337718,-0.4408295001498357,-0.395972937288802,-0.3537019706867331,-0.2984785064825632
1,-0.3304596303479276,-1.685064388550617,-0.44885530687644254,0.5673032030567672,-0.3008428381079407,-0.17201254098337718,7.76584588159058,10.270803200575287,-0.7331635582221356,-0.2984785064825632
3,-1.1840523754047163,-0.12776102945978043,0.29656834525082804,0.5673032030567672,-0.3888169801564816,-0.17201254098337718,-0.714458977877809,-0.706491407883846,0.023568308354721144,-0.2984785064825632
3,-1.3263178329141811,-0.12776102945978043,-1.4191553680253486,0.5673032030567672,-0.8646771121463148,-0.17201254098337718,0.9398147975803374,0.5368534202122572,-0.013318717960077685,-0.2984785064825632
2,0.9499294872372557,1.4295423296310563,-0.9277587705336279,0.5673032030567672,-0.6767323541335243,-0.17201254098337718,0.13807264506366354,1.9865091550770084,-1.2448340915590934,-0.2984785064825632
2,-1.468583290423646,-0.12776102945978043,0.1466507392364051,0.5673032030567672,-0.4847887714821616,-0.17201254098337718,-0.33975921715882945,-0.08515556747941243,-0.7203809253407698,-0.2984785064825632
2,0.8076640297277908,-0.12776102945978043,-0.4113759053728368,0.5673032030567672,-0.3168381366622209,-0.17201254098337718,-0.6745049715788114,-0.39597857689661886,-0.9424335193942104,-0.2984785064825632
5,-0.7572560028763221,-0.12776102945978043,2.6202912384743877,-0.6627628766480502,0.9827798708730402,-0.17201254098337718,1.630132214055005,0.33000980163629756,1.0001614604910698,-0.2984785064825632
5,0.5231331147088613,-0.12776102945978043,-0.1531844727924412,-0.6627628766480502,-0.2968440134693711,-0.17201254098337718,-0.5103447258307291,-0.7059729337749564,1.3000055060796794,-0.2984785064825632
0,-1.1840523754047163,-0.12776102945978043,-1.1751228204574262,-1.8928289563528675,-0.896667709254876,-0.17201254098337718,-0.8370732158417656,-0.8114704885502387,0.28506445529923347,-0.2984785064825632
2,-0.8995214603857868,-0.12776102945978043,-0.6770632182539533,0.5673032030567672,-0.808693567206336,-0.17201254098337718,-0.4466219202445169,-0.0846942290693992,-0.8891116793747987,-0.2984785064825632
1,-1.7531142054425757,-0.12776102945978043,-0.5821154011114854,0.5673032030567672,-0.5487699656992832,-0.17201254098337718,-0.5637538460942068,-0.1886867481780233,-0.9756683648857616,-0.2984785064825632
1,0.5231331147088613,-0.12776102945978043,0.07752206535197648,0.5673032030567672,-0.11689690473371896,-0.17201254098337718,-0.3951985801714165,-0.4991109171341475,0.13824678620468847,0.1208791459275178
3,-0.3304596303479276,-0.12776102945978043,0.3257189908647438,0.5673032030567672,1.3426740883443429,-0.17201254098337718,0.11486339992473288,-0.29200685962010975,0.5776041392413481,-0.2984785064825632
5,-1.468583290423646,1.4295423296310563,-1.0568544868238259,-0.6627628766480502,-0.8366853396763259,-0.17201254098337718,-0.28179686279112415,0.7442104280048139,-1.1926079057866557,-0.2984785064825632
6,1.2344604022561854,-1.685064388550617,1.229389004896128,-1.8928289563528675,2.7422627118438556,-0.17201254098337718,-0.2896302320506422,-0.7060135204607282,2.686008128502059,-0.2984785064825632
3,-1.1840523754047163,-1.685064388550617,2.0789221056445264,0.5673032030567672,1.8505248174427382,-0.17201254098337718,-0.654377167790458,-0.7066597640450957,0.40302989589012356,-0.2984785064825632
3,1.0921949447467205,-0.12776102945978043,0.4922941086585475,0.5673032030567672,0.3629620518946847,-0.17201254098337718,-0.35781331882877626,-0.6029595800171248,0.927483062108447,-0.2984785064825632
5,-0.3304596303479276,-0.12776102945978043,-1.2717363887778323,-0.6627628766480502,-0.9246594817248658,-0.17201254098337718,-0.2743636393749401,-0.2916501775387801,-0.23975392900141482,-0.2984785064825632
3,-0.8995214603857868,1.4295423296310563,-0.6004386640688036,0.5673032030567672,-0.948652429556286,-0.17201254098337718,-0.8445828126926106,-0.809986624526046,0.16162074347347172,-0.2984785064825632
3,-1.6108487479331108,1.4295423296310563,-0.9569094161475435,0.5673032030567672,-0.9246594817248658,-0.17201254098337718,-0.7308403610540098,-0.29206066702584677,-1.1966253046922277,-0.2984785064825632
1,1.0921949447467205,-0.12776102945978043,-0.4863347083800486,0.5673032030567672,-0.34882873377078205,-0.17201254098337718,0.6070594526296028,1.2623945131284104,-0.7937897598880421,-0.2984785064825632
2,0.665398572218326,-0.12776102945978043,0.11333571567764436,0.5673032030567672,0.9827798708730402,-0.17201254098337718,-0.5760946657825122,-0.3958692979385755,-0.6948156595780381,-0.2984785064825632
3,-0.8995214603857868,-0.12776102945978043,-0.8028274321882752,0.5673032030567672,-0.5687640888921337,-0.17201254098337718,-0.24645306187474578,-0.08456849355083733,-0.5742936924108747,-0.2984785064825632
2,-1.565323801530082,-1.685064388550617,0.2049520304642362,0.5673032030567672,0.10303845038763271,-0.17201254098337718,-0.1506347226146617,-0.2919082127095907,0.02028134561379838,0.9595944507476797
3,2.230318604822439,1.4295423296310563,0.10500695978795399,0.5673032030567672,-0.36882285696363093,0.6184439246418365,-0.74145091956035,-0.49962430635074234,-0.9497378810407051,-0.2984785064825632
4,-1.0417869178952515,-0.12776102945978043,-0.1698419845718216,-0.6627628766480502,-0.5127805439521523,-0.17201254098337718,0.616584111202282,-0.2919055315845626,1.6297974344189177,-0.2984785064825632
2,0.8076640297277908,-0.12776102945978043,-0.3280883464759353,0.5673032030567672,-0.3808193308793415,-0.17201254098337718,-0.39324502448792636,-0.18844729597723447,-0.6692503938153065,-0.2984785064825632
2,0.665398572218326,-1.685064388550617,0.2465958099126873,0.5673032030567672,-0.1648828003965594,-0.17201254098337718,0.04099307971975511,-0.29153581368844106,0.42092558192403556,-0.2984785064825632
2,-0.6149905453668573,-0.12776102945978043,0.2465958099126873,0.5673032030567672,0.05105373008622266,-0.17201254098337718,1.8688462914222255,0.7446528136344565,0.49908225154152924,-0.2984785064825632
2,-0.8995214603857868,-0.12776102945978043,-1.0526901088789806,0.5673032030567672,-0.9326571310020059,-0.17201254098337718,-0.7286751474368106,-0.18842131680023855,-1.2725906658157733,-0.2984785064825632
2,0.8076640297277908,1.4295423296310563,-0.2114857640202727,0.5673032030567672,-0.24485929316796015,-0.17201254098337718,0.6644771009119271,-0.08302684665965807,0.85370900947885,-0.2984785064825632
0,-1.468583290423646,-0.12776102945978043,-1.4649635254186444,-1.8928289563528675,-1.0246300976891163,-0.17201254098337718,-0.6210817637000973,0.4327905446847914,-1.3909213244889882,-0.2984785064825632
2,-0.996261971492223,-0.12776102945978043,1.495909193366214,0.5673032030567672,0.7988339374988185,-0.17201254098337718,0.16756792246249758,-0.6024995359433313,3.125000263456394,0.1208791459275178
2,-1.1840523754047163,1.4295423296310563,2.2704834911074,0.5673032030567672,0.8268257099688092,-0.17201254098337718,0.5441600206796958,-0.29186402037292,1.4775014940895022,-0.2984785064825632
3,-0.8995214603857868,1.4295423296310563,1.7599307550693928,0.5673032030567672,1.930501310214139,-0.17201254098337718,-0.49486514980829577,-0.39597145804740624,-0.48992831539386034,-0.2984785064825632
1,-0.8995214603857868,-1.685064388550617,-1.2067720928382488,0.5673032030567672,-0.8326865150377554,-0.17201254098337718,1.6760379220123565,1.9875842862132913,-0.5534762617183645,-0.2984785064825632
6,1.66125677478458,-0.12776102945978043,0.3215546129198988,-1.8928289563528675,0.6028915302088871,-0.17201254098337718,-0.7047295440672462,-0.8099401208746949,1.9161284109615124,-0.2984785064825632
3,-0.7572560028763221,-0.12776102945978043,1.9623195231888637,0.5673032030567672,2.314388475516863,-0.17201254098337718,-0.6669224061225444,-0.7066801036142746,0.324508008190305,-0.2984785064825632
5,-0.3304596303479276,-1.685064388550617,2.953441474061995,-0.6627628766480502,2.6742826929881653,11.233145034466135,0.18167188517577348,-0.5009477651361836,1.9694502509809237,-0.2984785064825632
3,0.23860219968993165,-0.12776102945978043,-0.6778960938429227,0.5673032030567672,-0.5287758425064325,-0.17201254098337718,0.06324883304151584,-0.08484501923908432,-0.08672755250734983,-0.2984785064825632
5,-0.6149905453668573,1.4295423296310563,-0.7195398732913734,-0.6627628766480502,-0.4527981743736022,-0.17201254098337718,-0.8165866697928882,-0.7065598227983572,-0.618485080372168,-0.2984785064825632
2,-0.7572560028763221,-0.12776102945978043,2.295469758776471,0.5673032030567672,1.8745177652741594,-0.17201254098337718,0.6557114636288557,-0.08492896618824114,0.8460394297500302,-0.2984785064825632
1,-0.3304596303479276,-0.12776102945978043,-0.840306833691881,0.5673032030567672,-0.6327452831092535,-0.17201254098337718,0.12989042795590955,-0.08373503347743516,0.01589872862590136,2.2176674079779226
2,-1.1840523754047163,-0.12776102945978043,-0.652909826173852,0.5673032030567672,-0.5567676149764231,-0.17201254098337718,0.40596957613578954,0.7443511408424973,-0.6513547077813944,0.1208791459275178
2,-1.3263178329141811,-0.12776102945978043,-1.732316589477699,0.5673032030567672,-0.6327452831092535,-0.17201254098337718,0.6628434638430057,0.12288142909183127,0.33363846024842325,-0.2984785064825632
4,1.3767258597656502,-0.12776102945978043,-0.024088756502243604,-0.6627628766480502,0.04305608080908258,-0.17201254098337718,1.7415325126601504,0.43403393952973707,0.8953438708638697,-0.2984785064825632
6,-1.0417869178952515,1.4295423296310563,-0.511320976049119,-1.8928289563528675,-1.5444773007032213,-0.17201254098337718,-0.9070232929945022,-0.8100827752167093,-0.6217720431130905,-0.2984785064825632
2,-1.3263178329141811,-0.12776102945978043,-0.6029372908357108,0.5673032030567672,-0.35282755840935165,-0.17201254098337718,-0.5102407099085926,0.018527050556994745,-1.073912029031116,-0.2984785064825632
2,-0.3304596303479276,1.4295423296310563,-0.1948282522408923,0.5673032030567672,-0.2368616438908201,-0.17201254098337718,1.8415715298007993,1.2626792670969171,-0.05385792509812349,-0.2984785064825632
2,1.0921949447467205,-0.12776102945978043,-0.3614033700346957,0.5673032030567672,-0.3808193308793415,-0.17201254098337718,-0.37560621316991677,-0.29201545771071624,-0.45121519866743803,-0.2984785064825632
2,-1.1840523754047163,-0.12776102945978043,0.2049520304642362,0.5673032030567672,0.3549644026175447,-0.17201254098337718,-0.43643475708741286,-0.08519236360910895,-0.8726768656701855,-0.2984785064825632
4,0.5231331147088613,-1.685064388550617,-0.46967719660066826,-0.6627628766480502,-0.4767911222050224,-0.17201254098337718,-0.5161294834485045,-0.49876736332019717,-0.24340610982466243,0.1208791459275178
1,-1.1840523754047163,1.4295423296310563,0.7296636515147178,0.5673032030567672,0.16701964460475335,-0.17201254098337718,1.1940647992827802,0.7439486947305143,-0.03084918591166479,1.3789521031577605
3,-0.18819417283846276,-0.12776102945978043,-0.8694574793057968,0.5673032030567672,-0.7047241266035141,-0.17201254098337718,-0.408608037201734,0.6402873407891589,-1.2612689052637063,0.5402367983375986
4,-0.04592871532899797,1.4295423296310563,-1.2192652266727844,-0.6627628766480502,-0.7207194251577943,-0.17201254098337718,0.05497632029197167,-0.49877170859179454,1.5516407648014237,0.5402367983375986
3,-1.468583290423646,-0.12776102945978043,0.5797460455002941,0.5673032030567672,-0.4487993497350317,-0.17201254098337718,0.11208763275800962,-0.2913821574885527,0.5695693414302041,0.5402367983375986
1,-1.1840523754047163,-0.12776102945978043,-0.16151322868213158,0.5673032030567672,-0.39681462943362167,-0.17201254098337718,1.0100127828203538,0.9523155621328059,-0.3522410983574341,0.9595944507476797
5,0.8076640297277908,-1.685064388550617,0.5381022660518433,-0.6627628766480502,-0.028922762685178106,-0.17201254098337718,-0.5184755031650077,-0.49954729334562376,-0.24778872681255915,-0.2984785064825632
3,-0.47272508785739237,-0.12776102945978043,0.7463211632940978,0.5673032030567672,-0.34882873377078205,-0.17201254098337718,-0.6076805255194134,-0.7064377853832833,0.694473925585264,-0.2984785064825632
1,0.38086765719939647,-0.12776102945978043,-0.35723899208985066,0.5673032030567672,-0.3128393120236513,-0.17201254098337718,-0.2486196932757291,0.018775008395803885,-0.7083287286240535,-0.2984785064825632
2,-0.7572560028763221,-0.12776102945978043,-1.1776214472243334,0.5673032030567672,-0.5447711410607127,-0.17201254098337718,-0.36254033885441944,-0.39663767139060496,-0.15465811581975106,2.2176674079779226
2,0.5231331147088613,-0.12776102945978043,-0.5363072437181897,0.5673032030567672,0.011065483700522278,-0.17201254098337718,-0.21056821748109467,-0.2914232064372593,-0.10644932895288577,0.1208791459275178
3,1.0921949447467205,-0.12776102945978043,-0.511320976049119,0.5673032030567672,-0.524777017867862,-0.17201254098337718,-0.24664173882220874,0.018526310936297332,-0.7050417658831307,-0.2984785064825632
4,-0.8995214603857868,-0.12776102945978043,-0.08655442567492008,-0.6627628766480502,-0.46479464828931183,-0.17201254098337718,0.12856576464037503,-0.6026378450137483,2.96357387106886,0.5402367983375986
5,-0.04592871532899797,-0.12776102945978043,1.8790319642919622,-0.6627628766480502,1.2267081738258123,6.998556825759632,-0.8223832573126318,-0.810273597356643,0.4464908476867673,-0.2984785064825632
3,-0.3304596303479276,-0.12776102945978043,0.7713074309631686,0.5673032030567672,0.6948644968959975,-0.17201254098337718,-0.27919078500994254,-0.6028160011492387,1.256179336200711,-0.2984785064825632
2,-0.18819417283846276,-0.12776102945978043,-0.3364171023656253,0.5673032030567672,-0.35682638304792125,-0.17201254098337718,0.5060122687734916,0.3304633740289887,-0.1794929454178331,-0.2984785064825632
4,1.9457876898035094,-1.685064388550617,1.0378276194332543,-0.6627628766480502,0.8548174824387991,2.0299733275440035,0.1328000188747515,-0.18840846589062102,0.2766644394057643,-0.2984785064825632
3,1.3767258597656502,-0.12776102945978043,-0.1448557169027512,0.5673032030567672,-0.04891688587802875,-0.17201254098337718,-0.1822565038370746,0.018886691121113887,-0.6155633357135699,-0.2984785064825632
3,-0.3304596303479276,1.4295423296310563,-1.01937508532022,-3.122895036057685,-0.49678524539787217,-0.17201254098337718,0.061579833007967336,-0.18750705316564256,0.14628158401583313,1.7983097555678416
0,1.66125677478458,-0.12776102945978043,0.005894764700641063,-1.8928289563528675,-0.4727922975664519,-0.17201254098337718,-0.4310079447638221,-0.08680418201395569,-0.862085541282768,-0.2984785064825632
