Su,Sy,A5,Bhn,E,G,mu,Ro,pH,HV,classe_nome
421,314,39.0,126.0,207000,79000,0.3,7860,0.0,0.0,7
424,324,37.0,121.0,207000,79000,0.3,7860,0.0,0.0,3
386,284,37.0,111.0,207000,79000,0.3,7860,0.0,0.0,4
448,331,36.0,143.0,207000,79000,0.3,7860,0.0,0.0,7
441,346,35.8,131.0,207000,79000,0.3,7860,550.0,0.0,3
395,295,36.5,111.0,207000,79000,0.3,7860,0.0,0.0,4
503,359,35.0,149.0,207000,79000,0.3,7860,0.0,0.0,7
483,359,34.0,143.0,207000,79000,0.3,7860,0.0,0.0,3
450,317,35.0,137.0,207000,79000,0.3,7860,0.0,0.0,4
552,345,32.0,179.0,207000,79000,0.3,7860,0.0,0.0,7
517,345,32.0,149.0,207000,79000,0.3,7860,0.0,0.0,3
464,341,31.0,126.0,207000,79000,0.3,7860,0.0,0.0,4
848,648,17.0,495.0,207000,79000,0.3,7860,0.0,0.0,2
621,414,25.0,201.0,207000,79000,0.3,7860,0.0,0.0,7
590,374,28.0,170.0,207000,79000,0.3,7860,0.0,0.0,3
519,353,30.0,149.0,207000,79000,0.3,7860,310.0,0.0,4
779,593,19.0,262.0,207000,79000,0.3,7860,0.0,0.0,2
724,414,20.0,229.0,207000,79000,0.3,7860,0.0,0.0,7
748,427,20.0,217.0,207000,79000,0.3,7860,0.0,0.0,3
636,365,23.7,187.0,207000,79000,0.3,7860,390.0,0.0,4
979,724,14.0,321.0,207000,79000,0.3,7860,0.0,0.0,2
814,483,17.0,241.0,207000,79000,0.3,7860,0.0,0.0,7
776,421,18.0,229.0,207000,79000,0.3,7860,0.0,0.0,3
626,372,22.5,179.0,207000,79000,0.3,7860,370.0,0.0,4
1103,779,13.0,321.0,207000,79000,0.3,7860,600.0,0.0,2
965,586,12.0,293.0,207000,79000,0.3,7860,0.0,0.0,7
1010,524,11.0,293.0,207000,79000,0.3,7860,0.0,0.0,3
615,376,24.7,174.0,207000,79000,0.3,7860,360.0,0.0,4
1303,979,12.0,388.0,207000,79000,0.3,7860,0.0,0.0,2
965,572,9.0,293.0,207000,79000,0.3,7860,0.0,0.0,7
1014,500,9.5,293.0,207000,79000,0.3,7860,0.0,0.0,3
657,379,13.0,192.0,207000,79000,0.3,7860,0.0,0.0,4
1289,827,10.0,401.0,207000,79000,0.3,7860,0.0,0.0,2
487,305,33.0,143.0,207000,79000,0.3,7860,0.0,0.0,7
467,303,33.5,137.0,207000,79000,0.3,7860,0.0,0.0,3
429,279,32.8,121.0,207000,79000,0.3,7860,0.0,0.0,4
521,316,32.0,149.0,207000,79000,0.3,7860,0.0,0.0,7
477,319,33.5,143.0,207000,79000,0.3,7860,0.0,0.0,3
450,284,34.5,131.0,207000,79000,0.3,7860,0.0,0.0,4
627,379,28.0,192.0,207000,79000,0.3,7860,0.0,0.0,7
669,396,22.5,197.0,207000,79000,0.3,7860,0.0,0.0,3
584,345,26.8,174.0,207000,79000,0.3,7860,0.0,0.0,4
1082,938,5.0,352.0,207000,79000,0.3,7860,0.0,0.0,2
676,359,22.0,192.0,207000,79000,0.3,7860,0.0,0.0,7
707,405,22.7,201.0,207000,79000,0.3,7860,0.0,0.0,3
598,353,25.5,163.0,207000,79000,0.3,7860,0.0,0.0,4
1634,1213,6.0,461.0,207000,79000,0.3,7860,0.0,0.0,2
703,421,21.0,212.0,207000,79000,0.3,7860,0.0,0.0,7
667,400,21.0,197.0,207000,79000,0.3,7860,0.0,0.0,3
584,346,24.8,167.0,207000,79000,0.3,7860,0.0,0.0,4
876,627,17.0,277.0,207000,79000,0.3,7860,0.0,0.0,2
836,558,22.0,248.0,207000,79000,0.3,7860,0.0,0.0,3
703,436,25.5,207.0,207000,79000,0.3,7860,0.0,0.0,4
1806,1593,11.0,505.0,207000,79000,0.3,7860,0.0,0.0,2
891,600,19.7,262.0,207000,79000,0.3,7860,0.0,0.0,3
689,422,24.5,197.0,207000,79000,0.3,7860,0.0,0.0,4
1027,758,6.0,310.0,207000,79000,0.3,7860,0.0,0.0,2
1800,1662,12.0,516.0,207000,79000,0.3,7860,0.0,0.0,2
669,436,25.5,197.0,207000,79000,0.3,7860,0.0,0.0,3
560,360,28.2,156.0,207000,79000,0.3,7860,0.0,0.0,4
1627,1462,10.0,467.0,207000,79000,0.3,7860,0.0,0.0,2
1020,655,17.7,302.0,207000,79000,0.3,7860,0.0,0.0,3
655,417,25.7,197.0,207000,79000,0.3,7860,0.0,0.0,4
1772,1641,8.0,510.0,207000,79000,0.3,7860,0.0,0.0,2
1155,734,11.7,321.0,207000,79000,0.3,7860,0.0,0.0,3
729,379,20.2,197.0,207000,79000,0.3,7860,0.0,0.0,4
1931,1724,10.0,530.0,207000,79000,0.3,7860,0.0,0.0,2
793,464,20.8,235.0,207000,79000,0.3,7860,0.0,0.0,3
579,425,29.0,163.0,207000,79000,0.3,7860,0.0,0.0,4
1279,862,12.2,363.0,207000,79000,0.3,7860,0.0,0.0,3
745,472,22.0,217.0,207000,79000,0.3,7860,0.0,0.0,4
1875,1675,10.0,520.0,207000,79000,0.3,7860,0.0,0.0,2
574,366,29.0,174.0,207000,79000,0.3,7860,0.0,0.0,3
512,372,31.3,149.0,207000,79000,0.3,7860,0.0,0.0,4
755,484,24.0,229.0,207000,79000,0.3,7860,0.0,0.0,3
681,464,22.3,197.0,207000,79000,0.3,7860,420.0,0.0,4
1744,1407,9.0,482.0,207000,79000,0.3,7860,0.0,0.0,2
1613,1517,10.0,475.0,207000,79000,0.3,7860,900.0,0.0,2
793,472,22.7,229.0,207000,79000,0.3,7860,470.0,0.0,3
572,293,28.6,167.0,207000,79000,0.3,7860,0.0,0.0,4
1793,1641,9.0,490.0,207000,79000,0.3,7860,930.0,0.0,2
870,529,20.7,255.0,207000,79000,0.3,7860,0.0,0.0,3
676,357,22.0,197.0,207000,79000,0.3,7860,0.0,0.0,4
1944,1731,5.0,525.0,207000,79000,0.3,7860,0.0,0.0,2
957,531,17.5,269.0,207000,79000,0.3,7860,0.0,0.0,3
722,276,17.2,197.0,207000,79000,0.3,7860,0.0,0.0,4
2220,1793,4.0,627.0,207000,79000,0.3,7860,0.0,0.0,2
939,615,21.8,269.0,207000,79000,0.3,7860,0.0,0.0,3
667,412,23.0,197.0,207000,79000,0.3,7860,0.0,0.0,4
1931,1689,8.0,538.0,207000,79000,0.3,7860,0.0,0.0,2
633,357,26.3,183.0,207000,79000,0.3,7860,0.0,0.0,3
536,385,31.3,149.0,207000,79000,0.3,7860,0.0,0.0,4
650,429,23.5,187.0,207000,79000,0.3,7860,0.0,0.0,3
564,372,29.0,156.0,207000,79000,0.3,7860,0.0,0.0,4
1641,1503,9.0,465.0,207000,79000,0.3,7860,0.0,0.0,2
1862,1669,10.0,505.0,207000,79000,0.3,7860,0.0,0.0,2
1024,688,14.0,302.0,207000,79000,0.3,7860,0.0,0.0,3
715,386,22.5,212.0,207000,79000,0.3,7860,0.0,0.0,4
1937,1675,10.0,525.0,207000,79000,0.3,7860,0.0,0.0,2
1634,1551,13.0,460.0,207000,79000,0.3,7860,0.0,0.0,2
929,607,16.0,269.0,207000,79000,0.3,7860,0.0,0.0,3
695,415,22.2,201.0,207000,79000,0.3,7860,0.0,0.0,4
1999,1655,10.0,578.0,207000,79000,0.3,7860,0.0,0.0,2
933,579,19.7,269.0,207000,79000,0.3,7860,0.0,0.0,3
774,486,21.7,229.0,207000,79000,0.3,7860,0.0,0.0,4
2103,2048,0.0,601.0,207000,79000,0.3,7860,0.0,0.0,2
1758,1503,8.0,470.0,207000,79000,0.3,7860,0.0,0.0,2
907,571,18.8,269.0,207000,79000,0.3,7860,0.0,0.0,3
820,440,17.3,241.0,207000,79000,0.3,7860,0.0,0.0,4
793,379,55.0,0.0,193000,743000,0.3,8030,0.0,0.0,4
862,517,20.0,0.0,193000,743000,0.3,8030,0.0,0.0,10
1034,758,10.0,0.0,193000,743000,0.3,8030,0.0,0.0,10
1207,931,5.0,0.0,193000,743000,0.3,8030,0.0,0.0,10
1276,965,4.0,0.0,193000,743000,0.3,8030,0.0,0.0,10
724,379,55.0,0.0,193000,743000,0.3,8030,0.0,0.0,4
862,517,12.0,0.0,193000,743000,0.3,8030,0.0,0.0,10
758,276,60.0,165.0,193000,743000,0.3,8030,0.0,0.0,4
862,517,25.0,0.0,193000,743000,0.3,8030,0.0,0.0,10
1034,758,15.0,0.0,193000,743000,0.3,8030,0.0,0.0,10
1207,931,12.0,0.0,193000,743000,0.3,8030,0.0,0.0,10
1276,965,8.0,0.0,193000,743000,0.3,8030,0.0,0.0,10
621,255,55.0,155.0,193000,743000,0.3,8030,0.0,0.0,4
862,517,12.0,0.0,193000,743000,0.3,8030,0.0,0.0,10
655,276,50.0,165.0,193000,743000,0.3,8030,0.0,0.0,4
621,241,50.0,160.0,193000,743000,0.3,8030,0.0,0.0,4
586,241,55.0,150.0,193000,743000,0.3,8030,0.0,0.0,4
552,207,55.0,140.0,193000,743000,0.3,8030,0.0,0.0,4
586,255,55.0,156.0,193000,743000,0.3,8030,0.0,0.0,4
586,241,55.0,150.0,193000,743000,0.3,8030,0.0,0.0,4
621,276,45.0,165.0,193000,743000,0.3,8030,0.0,0.0,4
655,276,45.0,170.0,193000,743000,0.3,8030,0.0,0.0,4
689,345,45.0,170.0,193000,743000,0.3,8030,0.0,0.0,4
586,241,55.0,150.0,193000,743000,0.3,8030,0.0,0.0,4
538,207,55.0,145.0,193000,743000,0.3,8030,0.0,0.0,4
621,276,50.0,160.0,193000,743000,0.3,8030,0.0,0.0,4
600,241,55.0,150.0,193000,743000,0.3,8030,0.0,0.0,4
634,241,50.0,160.0,193000,743000,0.3,8030,0.0,0.0,4
634,241,50.0,160.0,193000,743000,0.3,8030,0.0,0.0,4
517,276,30.0,155.0,200000,769000,0.3,8030,0.0,0.0,4
1310,1000,15.0,390.0,200000,769000,0.3,8030,0.0,0.0,2
483,276,30.0,150.0,200000,769000,0.3,8030,0.0,0.0,4
517,276,30.0,155.0,200000,769000,0.3,8030,0.0,0.0,4
1310,1000,15.0,390.0,200000,769000,0.3,8030,0.0,0.0,2
827,655,17.0,235.0,200000,769000,0.3,8030,0.0,0.0,4
1379,1034,15.0,415.0,200000,769000,0.3,8030,0.0,0.0,2
517,276,30.0,155.0,200000,769000,0.3,8030,0.0,0.0,4
1310,1000,15.0,390.0,200000,769000,0.3,8030,0.0,0.0,2
655,345,25.0,195.0,200000,769000,0.3,8030,0.0,0.0,4
1586,1344,8.0,500.0,200000,769000,0.3,8030,0.0,0.0,2
517,310,30.0,155.0,200000,769000,0.3,8030,0.0,0.0,4
552,379,25.0,170.0,200000,769000,0.3,8030,0.0,0.0,4
862,655,20.0,260.0,200000,769000,0.3,8030,0.0,0.0,4
1413,1069,15.0,415.0,200000,769000,0.3,8030,0.0,0.0,2
724,414,20.0,215.0,200000,769000,0.3,8030,0.0,0.0,4
1793,1655,5.0,510.0,200000,769000,0.3,8030,0.0,0.0,2
758,448,13.0,230.0,200000,769000,0.3,8030,0.0,0.0,4
1965,1896,2.0,580.0,200000,769000,0.3,8030,0.0,0.0,2
552,345,23.0,170.0,200000,769000,0.3,8030,0.0,0.0,4
483,207,28.0,160.0,200000,769000,0.3,8030,0.0,0.0,4
483,207,30.0,150.0,200000,769000,0.3,8030,0.0,0.0,4
138,138,0.0,0.0,80000,32000,0.25,7160,248.0,0.0,0
172,172,0.0,0.0,98000,39000,0.25,7160,303.0,0.0,0
207,207,0.0,0.0,100000,40000,0.25,7160,331.0,0.0,0
241,241,0.0,0.0,110000,44000,0.25,7160,386.0,0.0,0
276,276,0.0,0.0,117000,47000,0.25,7160,427.0,0.0,0
345,345,0.0,0.0,124000,50000,0.25,7160,517.0,0.0,0
414,414,0.0,0.0,137000,55000,0.25,7160,593.0,0.0,0
276,207,0.0,0.0,172000,68000,0.27,7160,207.0,0.0,0
414,317,0.0,0.0,172000,68000,0.27,7160,310.0,0.0,0
552,427,0.0,0.0,172000,68000,0.27,7160,414.0,0.0,0
689,538,0.0,0.0,172000,68000,0.27,7160,517.0,0.0,0
414,276,0.0,0.0,159000,66000,0.2,7160,331.0,0.0,0
552,365,0.0,0.0,159000,66000,0.2,7160,441.0,0.0,0
689,455,0.0,0.0,159000,66000,0.2,7160,552.0,0.0,0
827,552,0.0,0.0,159000,66000,0.2,7160,662.0,0.0,0
172,62,40.0,0.0,108000,40000,0.35,8930,0.0,0.0,0
365,248,11.0,0.0,108000,40000,0.35,8930,0.0,0.0,0
352,276,17.0,0.0,108000,40000,0.35,8930,0.0,0.0,0
634,469,8.0,0.0,108000,40000,0.35,8930,0.0,0.0,0
221,69,35.0,0.0,100000,37000,0.34,8500,0.0,0.0,0
241,69,30.0,0.0,100000,37000,0.34,8500,0.0,0.0,0
255,117,30.0,0.0,100000,37000,0.34,8500,0.0,0.0,0
241,110,25.0,0.0,100000,37000,0.34,8500,0.0,0.0,0
241,97,27.0,0.0,100000,37000,0.34,8500,0.0,0.0,0
234,97,26.0,0.0,100000,37000,0.34,8500,0.0,0.0,0
241,97,28.0,0.0,100000,37000,0.34,8500,0.0,0.0,0
241,97,30.0,0.0,100000,37000,0.34,8500,0.0,0.0,0
262,90,35.0,0.0,100000,37000,0.34,8500,0.0,0.0,0
234,83,35.0,0.0,100000,37000,0.34,8500,0.0,0.0,0
414,159,40.0,0.0,100000,37000,0.34,8500,0.0,0.0,0
345,124,40.0,0.0,100000,37000,0.34,8500,0.0,0.0,0
379,207,15.0,0.0,100000,37000,0.34,8500,0.0,0.0,0
655,345,20.0,0.0,120000,45000,0.31,8800,0.0,0.0,0
655,331,20.0,0.0,120000,45000,0.31,8800,0.0,0.0,0
793,572,15.0,0.0,120000,45000,0.31,8800,0.0,0.0,0
448,172,20.0,0.0,120000,45000,0.31,8800,0.0,0.0,0
490,193,30.0,0.0,120000,45000,0.31,8800,0.0,0.0,0
586,290,20.0,0.0,120000,45000,0.31,8800,0.0,0.0,0
565,262,22.0,0.0,120000,45000,0.31,8800,0.0,0.0,0
379,172,30.0,0.0,120000,45000,0.31,8800,0.0,0.0,0
379,165,30.0,0.0,120000,45000,0.31,8800,0.0,0.0,0
462,207,21.0,0.0,120000,45000,0.31,8800,0.0,0.0,0
455,221,20.0,0.0,120000,45000,0.31,8800,0.0,0.0,0
586,345,25.0,0.0,120000,45000,0.31,8800,0.0,0.0,0
483,241,25.0,0.0,120000,45000,0.31,8800,0.0,0.0,0
262,110,30.0,0.0,120000,45000,0.31,8800,0.0,0.0,0
310,145,30.0,0.0,120000,45000,0.31,8800,0.0,0.0,0
310,152,25.0,0.0,120000,45000,0.31,8800,0.0,0.0,0
303,152,20.0,0.0,120000,45000,0.31,8800,0.0,0.0,0
276,138,15.0,0.0,120000,45000,0.31,8800,0.0,0.0,0
221,172,2.0,0.0,120000,45000,0.31,8800,0.0,0.0,0
241,172,2.0,0.0,120000,45000,0.31,8800,0.0,0.0,0
241,207,0.5,0.0,120000,45000,0.31,8800,0.0,0.0,0
303,152,16.0,0.0,120000,45000,0.31,8800,0.0,0.0,0
303,152,16.0,0.0,120000,45000,0.31,8800,0.0,0.0,0
276,138,30.0,0.0,120000,45000,0.31,8800,0.0,0.0,0
276,138,25.0,0.0,120000,45000,0.31,8800,0.0,0.0,0
303,138,20.0,0.0,120000,45000,0.31,8800,0.0,0.0,0
303,138,30.0,0.0,120000,45000,0.31,8800,0.0,0.0,0
290,145,20.0,0.0,120000,45000,0.31,8800,0.0,0.0,0
276,207,0.0,0.0,120000,45000,0.31,8800,0.0,0.0,0
324,179,20.0,0.0,120000,45000,0.31,8800,0.0,0.0,0
241,124,20.0,0.0,120000,45000,0.31,8800,0.0,0.0,0
221,110,20.0,0.0,120000,45000,0.31,8800,0.0,0.0,0
221,110,20.0,0.0,120000,45000,0.31,8800,0.0,0.0,0
241,124,20.0,0.0,120000,45000,0.31,8800,0.0,0.0,0
207,110,18.0,0.0,120000,45000,0.31,8800,0.0,0.0,0
221,152,7.0,0.0,120000,45000,0.31,8800,0.0,0.0,0
186,90,15.0,0.0,120000,45000,0.31,8800,0.0,0.0,0
221,110,18.0,0.0,120000,45000,0.31,8800,0.0,0.0,0
172,83,12.0,0.0,120000,45000,0.31,8800,0.0,0.0,0
345,159,35.0,0.0,120000,45000,0.31,8800,0.0,0.0,0
310,159,35.0,0.0,120000,45000,0.31,8800,0.0,0.0,0
552,186,35.0,0.0,120000,45000,0.32,8800,0.0,0.0,0
517,186,25.0,0.0,120000,45000,0.32,8800,0.0,0.0,0
586,241,18.0,0.0,120000,45000,0.32,8800,0.0,0.0,0
689,303,12.0,0.0,120000,45000,0.32,8800,0.0,0.0,0
517,234,18.0,0.0,120000,45000,0.32,8800,0.0,0.0,0
655,310,26.0,0.0,120000,45000,0.32,8800,0.0,0.0,0
655,262,25.0,0.0,120000,45000,0.32,8800,0.0,0.0,0
310,172,20.0,0.0,100000,37000,0.34,8500,0.0,0.0,0
517,379,10.0,0.0,100000,37000,0.34,8500,0.0,0.0,0
469,255,28.0,0.0,100000,37000,0.34,8500,0.0,0.0,0
758,483,7.0,0.0,100000,37000,0.34,8500,0.0,0.0,0
241,117,20.0,0.0,100000,37000,0.34,8500,0.0,0.0,0
262,117,20.0,0.0,100000,37000,0.34,8500,0.0,0.0,0
310,165,20.0,0.0,100000,37000,0.34,8500,0.0,0.0,0
379,207,15.0,0.0,100000,37000,0.34,8500,0.0,0.0,0
655,379,2.0,0.0,100000,37000,0.34,8500,0.0,0.0,0
455,234,25.0,0.0,100000,37000,0.34,8500,0.0,0.0,0
483,276,12.0,0.0,100000,37000,0.34,8500,0.0,0.0,0
379,172,25.0,0.0,100000,37000,0.34,8500,0.0,0.0,0
448,221,30.0,0.0,100000,37000,0.34,8500,0.0,0.0,0
221,69,55.0,0.0,108000,40000,0.35,8930,0.0,0.0,0
200,41,54.0,0.0,108000,40000,0.35,8930,0.0,0.0,0
276,124,40.0,0.0,108000,40000,0.35,8930,0.0,0.0,0
359,303,27.0,0.0,108000,40000,0.35,8930,0.0,0.0,0
441,372,25.0,0.0,108000,40000,0.35,8930,0.0,0.0,0
483,448,22.0,0.0,108000,40000,0.35,8930,0.0,0.0,0
241,48,57.0,0.0,108000,40000,0.35,8930,0.0,0.0,0
276,97,53.0,0.0,108000,40000,0.35,8930,0.0,0.0,0
483,221,45.0,0.0,108000,40000,0.35,8930,0.0,0.0,0
469,172,48.0,0.0,108000,40000,0.35,8930,0.0,0.0,0
310,172,28.0,0.0,108000,40000,0.35,8930,0.0,0.0,0
234,97,40.0,0.0,108000,40000,0.35,8930,0.0,0.0,0
262,62,48.0,0.0,108000,40000,0.35,8930,0.0,0.0,0
262,138,50.0,0.0,108000,40000,0.35,8930,0.0,0.0,0
248,69,27.0,0.0,108000,40000,0.35,8930,0.0,0.0,0
255,76,40.0,0.0,108000,40000,0.35,8930,0.0,0.0,0
310,165,32.0,0.0,108000,40000,0.35,8930,0.0,0.0,0
552,448,15.0,0.0,108000,40000,0.35,8930,0.0,0.0,0
234,69,45.0,0.0,108000,40000,0.35,8930,0.0,0.0,0
255,69,50.0,0.0,105000,40000,0.32,8800,0.0,0.0,0
269,69,55.0,0.0,105000,40000,0.32,8800,0.0,0.0,0
290,83,55.0,0.0,105000,40000,0.32,8800,0.0,0.0,0
303,76,66.0,0.0,105000,40000,0.32,8800,0.0,0.0,0
317,97,65.0,0.0,105000,40000,0.32,8800,0.0,0.0,0
372,145,52.0,0.0,105000,40000,0.32,8800,0.0,0.0,0
255,83,45.0,0.0,105000,40000,0.32,8800,0.0,0.0,0
324,103,60.0,0.0,105000,40000,0.32,8800,0.0,0.0,0
338,117,52.0,0.0,105000,40000,0.32,8800,0.0,0.0,0
310,90,66.0,0.0,105000,40000,0.32,8800,0.0,0.0,0
372,138,45.0,0.0,105000,40000,0.32,8800,0.0,0.0,12
414,138,30.0,0.0,105000,40000,0.32,8800,0.0,0.0,7
269,83,49.0,0.0,105000,40000,0.32,8800,0.0,0.0,0
290,90,43.0,0.0,105000,40000,0.32,8800,0.0,0.0,0
269,76,43.0,0.0,105000,40000,0.32,8800,0.0,0.0,0
283,83,45.0,0.0,105000,40000,0.32,8800,0.0,0.0,0
317,117,44.0,0.0,105000,40000,0.32,8800,0.0,0.0,0
296,103,46.0,0.0,105000,40000,0.32,8800,0.0,0.0,0
310,124,49.0,0.0,105000,40000,0.32,8800,0.0,0.0,0
317,124,55.0,0.0,105000,40000,0.32,8800,0.0,0.0,0
310,103,49.0,0.0,105000,40000,0.32,8800,0.0,0.0,0
317,110,46.0,0.0,105000,40000,0.32,8800,0.0,0.0,0
331,124,65.0,0.0,105000,40000,0.32,8800,0.0,0.0,0
379,172,50.0,0.0,105000,40000,0.32,8800,0.0,0.0,0
386,172,43.0,0.0,105000,40000,0.32,8800,0.0,0.0,0
393,172,40.0,0.0,105000,40000,0.32,8800,0.0,0.0,0
276,97,48.0,0.0,105000,40000,0.32,8800,0.0,0.0,0
324,131,64.0,0.0,105000,40000,0.32,8800,0.0,0.0,0
317,345,48.0,0.0,105000,40000,0.32,8800,0.0,0.0,0
379,165,70.0,0.0,105000,40000,0.32,8800,0.0,0.0,0
455,193,70.0,0.0,105000,40000,0.32,8800,0.0,0.0,0
303,131,50.0,0.0,105000,40000,0.32,8800,0.0,0.0,0
414,186,55.0,0.0,105000,40000,0.32,8800,0.0,0.0,0
359,117,45.0,0.0,105000,40000,0.32,8800,0.0,0.0,0
483,207,42.0,0.0,105000,40000,0.32,8800,0.0,0.0,0
524,228,45.0,0.0,105000,40000,0.32,8800,0.0,0.0,0
483,152,55.0,0.0,105000,40000,0.32,8800,0.0,0.0,0
552,269,28.0,0.0,105000,40000,0.32,8800,0.0,0.0,0
634,338,30.0,0.0,105000,40000,0.32,8800,0.0,0.0,0
517,241,35.0,0.0,105000,40000,0.32,8800,0.0,0.0,0
621,276,18.0,0.0,105000,40000,0.32,8800,0.0,0.0,0
689,379,21.0,0.0,105000,40000,0.32,8800,0.0,0.0,7
621,345,20.0,0.0,105000,40000,0.32,8800,0.0,0.0,0
621,310,25.0,0.0,105000,40000,0.32,8800,0.0,0.0,0
565,372,36.0,0.0,105000,40000,0.32,8800,0.0,0.0,0
517,241,32.0,0.0,105000,40000,0.32,8800,0.0,0.0,0
276,103,55.0,0.0,105000,40000,0.32,8800,0.0,0.0,0
386,145,63.0,0.0,105000,40000,0.32,8800,0.0,0.0,0
316,83,60.0,0.0,105000,40000,0.32,8800,0.0,0.0,0
483,234,28.0,0.0,105000,40000,0.32,8800,0.0,0.0,0
448,207,33.0,0.0,105000,40000,0.32,8800,0.0,0.0,0
414,186,55.0,0.0,105000,40000,0.32,8800,0.0,0.0,0
565,379,36.0,0.0,105000,40000,0.32,8800,0.0,0.0,0
565,359,35.0,0.0,105000,40000,0.32,8800,0.0,0.0,0
552,276,25.0,0.0,105000,40000,0.32,8800,0.0,0.0,0
262,276,46.0,0.0,105000,40000,0.32,8800,0.0,0.0,0
303,110,42.0,0.0,105000,40000,0.32,8800,0.0,0.0,0
338,90,40.0,0.0,105000,40000,0.32,8800,0.0,0.0,0
372,138,45.0,0.0,105000,40000,0.32,8800,0.0,0.0,0
317,124,46.0,0.0,105000,40000,0.32,8800,0.0,0.0,0
379,152,35.0,0.0,105000,40000,0.32,8800,0.0,0.0,0
345,103,37.0,0.0,105000,40000,0.32,8800,0.0,0.0,0
338,124,50.0,0.0,105000,40000,0.32,8800,0.0,0.0,0
386,172,45.0,0.0,105000,40000,0.32,8800,0.0,0.0,0
365,124,43.0,0.0,105000,40000,0.32,8800,0.0,0.0,0
359,124,48.0,0.0,105000,40000,0.32,8800,0.0,0.0,0
621,586,6.0,0.0,105000,40000,0.32,8800,0.0,0.0,0
414,186,40.0,0.0,105000,40000,0.32,8800,0.0,0.0,0
365,159,40.0,0.0,105000,40000,0.32,8800,0.0,0.0,0
414,345,3.0,110.0,73000,26000,0.33,2700,0.0,0.0,6
310,193,6.0,0.0,73000,26000,0.33,2700,0.0,0.0,6
131,83,1.5,40.0,73000,26000,0.33,2700,0.0,0.0,6
221,138,0.0,90.0,73000,26000,0.33,2700,0.0,0.0,6
165,90,0.0,60.0,73000,26000,0.33,2700,0.0,0.0,6
200,90,6.0,45.0,73000,26000,0.33,2700,0.0,0.0,6
221,138,3.0,60.0,73000,26000,0.33,2700,0.0,0.0,6
248,193,0.0,80.0,73000,26000,0.33,2700,0.0,0.0,6
200,110,3.0,55.0,73000,26000,0.33,2700,0.0,0.0,6
159,90,1.5,55.0,73000,26000,0.33,2700,0.0,0.0,6
214,138,1.5,65.0,73000,26000,0.33,2700,0.0,0.0,6
172,97,0.0,45.0,73000,26000,0.33,2700,0.0,0.0,6
234,145,0.0,65.0,73000,26000,0.33,2700,0.0,0.0,6
172,124,0.0,50.0,73000,26000,0.33,2700,0.0,0.0,6
221,138,2.0,70.0,73000,26000,0.33,2700,0.0,0.0,6
207,152,0.0,60.0,73000,26000,0.33,2700,0.0,0.0,6
248,172,2.5,75.0,73000,26000,0.33,2700,0.0,0.0,6
159,110,0.0,45.0,73000,26000,0.33,2700,0.0,0.0,6
207,138,3.0,55.0,73000,26000,0.33,2700,0.0,0.0,6
214,200,0.0,60.0,73000,26000,0.33,2700,0.0,0.0,6
172,124,3.0,45.0,73000,26000,0.33,2700,0.0,0.0,6
234,165,3.5,70.0,73000,26000,0.33,2700,0.0,0.0,6
117,48,3.0,25.0,73000,26000,0.33,2700,0.0,0.0,6
117,41,3.0,25.0,73000,26000,0.33,2700,0.0,0.0,6
117,69,0.0,35.0,73000,26000,0.33,2700,0.0,0.0,6
152,62,6.0,35.0,73000,26000,0.33,2700,0.0,0.0,6
290,152,12.0,60.0,73000,26000,0.33,2700,0.0,0.0,6
241,124,9.0,60.0,73000,26000,0.33,2700,0.0,0.0,6
207,117,5.0,50.0,73000,26000,0.33,2700,0.0,0.0,6
228,152,2.0,70.0,73000,26000,0.33,2700,0.0,0.0,6
255,207,0.0,65.0,73000,26000,0.33,2700,0.0,0.0,6
221,138,2.0,60.0,73000,26000,0.33,2700,0.0,0.0,6
234,172,4.0,60.0,73000,26000,0.33,2700,0.0,0.0,6
221,152,3.0,60.0,73000,26000,0.33,2700,0.0,0.0,6
290,262,1.5,85.0,73000,26000,0.33,2700,0.0,0.0,6
221,186,3.0,70.0,73000,26000,0.33,2700,0.0,0.0,6
248,207,1.5,70.0,73000,26000,0.33,2700,0.0,0.0,6
248,186,1.5,0.0,73000,26000,0.33,2700,0.0,0.0,6
290,241,5.0,75.0,73000,26000,0.33,2700,0.0,0.0,6
331,310,2.0,105.0,73000,26000,0.33,2700,0.0,0.0,6
165,124,0.0,45.0,73000,26000,0.33,2700,0.0,0.0,6
69,28,43.0,19.0,73000,26000,0.33,2700,0.0,0.0,1
83,76,16.0,23.0,73000,26000,0.33,2700,0.0,0.0,1
97,90,12.0,26.0,73000,26000,0.33,2700,0.0,0.0,1
110,103,8.0,30.0,73000,26000,0.33,2700,0.0,0.0,1
131,124,6.0,35.0,73000,26000,0.33,2700,0.0,0.0,1
90,34,35.0,23.0,73000,26000,0.33,2700,0.0,0.0,1
110,103,12.0,28.0,73000,26000,0.33,2700,0.0,0.0,1
124,117,9.0,32.0,73000,26000,0.33,2700,0.0,0.0,1
145,138,6.0,38.0,73000,26000,0.33,2700,0.0,0.0,1
165,152,5.0,44.0,73000,26000,0.33,2700,0.0,0.0,1
83,28,0.0,0.0,73000,26000,0.33,2700,0.0,0.0,1
97,83,0.0,0.0,73000,26000,0.33,2700,0.0,0.0,1
110,97,0.0,0.0,73000,26000,0.33,2700,0.0,0.0,1
124,110,0.0,0.0,73000,26000,0.33,2700,0.0,0.0,1
186,165,0.0,0.0,73000,26000,0.33,2700,0.0,0.0,1
379,296,15.0,95.0,73000,26000,0.33,2700,0.0,0.0,1
407,310,12.0,100.0,73000,26000,0.33,2700,0.0,0.0,1
186,97,18.0,45.0,73000,26000,0.33,2700,0.0,0.0,1
427,290,20.0,105.0,73000,26000,0.33,2700,0.0,0.0,1
427,290,20.0,105.0,73000,26000,0.33,2700,0.0,0.0,1
483,414,13.0,135.0,73000,26000,0.33,2700,0.0,0.0,1
483,414,13.0,135.0,73000,26000,0.33,2700,0.0,0.0,1
172,69,21.0,0.0,73000,26000,0.33,2700,0.0,0.0,1
434,276,20.0,0.0,73000,26000,0.33,2700,0.0,0.0,1
421,255,22.0,0.0,73000,26000,0.33,2700,0.0,0.0,1
421,255,22.0,0.0,73000,26000,0.33,2700,0.0,0.0,1
469,414,10.0,0.0,73000,26000,0.33,2700,0.0,0.0,1
469,414,10.0,0.0,73000,26000,0.33,2700,0.0,0.0,1
179,69,22.0,45.0,73000,26000,0.33,2700,0.0,0.0,1
427,276,22.0,105.0,73000,26000,0.33,2700,0.0,0.0,1
427,276,22.0,105.0,73000,26000,0.33,2700,0.0,0.0,1
421,317,12.0,120.0,73000,26000,0.33,2700,0.0,0.0,1
186,76,20.0,47.0,73000,26000,0.33,2700,0.0,0.0,1
483,345,18.0,120.0,73000,26000,0.33,2700,0.0,0.0,1
469,324,20.0,120.0,73000,26000,0.33,2700,0.0,0.0,1
469,324,20.0,120.0,73000,26000,0.33,2700,0.0,0.0,1
496,393,13.0,130.0,73000,26000,0.33,2700,0.0,0.0,1
179,76,20.0,0.0,73000,26000,0.33,2700,0.0,0.0,1
448,310,18.0,0.0,73000,26000,0.33,2700,0.0,0.0,1
441,290,19.0,0.0,73000,26000,0.33,2700,0.0,0.0,1
441,290,19.0,0.0,73000,26000,0.33,2700,0.0,0.0,1
462,365,11.0,0.0,73000,26000,0.33,2700,0.0,0.0,1
448,414,6.0,0.0,73000,26000,0.33,2700,0.0,0.0,1
448,414,6.0,0.0,73000,26000,0.33,2700,0.0,0.0,1
483,455,6.0,0.0,73000,26000,0.33,2700,0.0,0.0,1
400,255,19.0,110.0,73000,26000,0.33,2700,0.0,0.0,1
338,193,24.0,0.0,73000,26000,0.33,2700,0.0,0.0,1
296,165,27.0,70.0,73000,26000,0.33,2700,0.0,0.0,1
331,255,11.0,95.0,73000,26000,0.33,2700,0.0,0.0,1
172,76,18.0,0.0,73000,26000,0.33,2700,0.0,0.0,1
359,186,20.0,0.0,73000,26000,0.33,2700,0.0,0.0,1
359,248,17.0,0.0,73000,26000,0.33,2700,0.0,0.0,1
359,248,17.0,0.0,73000,26000,0.33,2700,0.0,0.0,1
393,317,11.0,0.0,73000,26000,0.33,2700,0.0,0.0,1
414,290,10.0,0.0,73000,26000,0.33,2700,0.0,0.0,1
455,352,10.0,0.0,73000,26000,0.33,2700,0.0,0.0,1
455,352,10.0,0.0,73000,26000,0.33,2700,0.0,0.0,1
476,393,10.0,0.0,73000,26000,0.33,2700,0.0,0.0,1
110,41,30.0,28.0,73000,26000,0.33,2700,0.0,0.0,1
131,124,10.0,35.0,73000,26000,0.33,2700,0.0,0.0,1
152,145,8.0,40.0,73000,26000,0.33,2700,0.0,0.0,1
179,172,5.0,47.0,73000,26000,0.33,2700,0.0,0.0,1
200,186,4.0,55.0,73000,26000,0.33,2700,0.0,0.0,1
110,41,30.0,0.0,73000,26000,0.33,2700,0.0,0.0,1
131,124,10.0,0.0,73000,26000,0.33,2700,0.0,0.0,1
152,145,8.0,0.0,73000,26000,0.33,2700,0.0,0.0,1
179,172,5.0,0.0,73000,26000,0.33,2700,0.0,0.0,1
200,186,4.0,0.0,73000,26000,0.33,2700,0.0,0.0,1
179,69,20.0,45.0,73000,26000,0.33,2700,0.0,0.0,1
214,172,10.0,52.0,73000,26000,0.33,2700,0.0,0.0,1
241,200,9.0,63.0,73000,26000,0.33,2700,0.0,0.0,1
262,228,5.0,70.0,73000,26000,0.33,2700,0.0,0.0,1
283,248,5.0,77.0,73000,26000,0.33,2700,0.0,0.0,1
179,69,20.0,0.0,73000,26000,0.33,2700,0.0,0.0,1
214,172,10.0,0.0,73000,26000,0.33,2700,0.0,0.0,1
241,200,9.0,0.0,73000,26000,0.33,2700,0.0,0.0,1
262,228,5.0,0.0,73000,26000,0.33,2700,0.0,0.0,1
283,248,5.0,0.0,73000,26000,0.33,2700,0.0,0.0,1
117,55,24.0,0.0,73000,26000,0.33,2700,0.0,0.0,1
152,131,7.0,0.0,73000,26000,0.33,2700,0.0,0.0,1
172,152,5.0,0.0,73000,26000,0.33,2700,0.0,0.0,1
193,172,4.0,0.0,73000,26000,0.33,2700,0.0,0.0,1
214,193,3.0,0.0,73000,26000,0.33,2700,0.0,0.0,1
179,159,8.0,0.0,73000,26000,0.33,2700,0.0,0.0,1
379,317,9.0,120.0,73000,26000,0.33,2700,0.0,0.0,1
124,41,25.0,28.0,73000,26000,0.33,2700,0.0,0.0,1
138,131,10.0,0.0,73000,26000,0.33,2700,0.0,0.0,1
159,152,6.0,0.0,73000,26000,0.33,2700,0.0,0.0,1
179,172,5.0,0.0,73000,26000,0.33,2700,0.0,0.0,1
200,193,4.0,0.0,73000,26000,0.33,2700,0.0,0.0,1
138,117,11.0,36.0,73000,26000,0.33,2700,0.0,0.0,1
159,138,8.0,41.0,73000,26000,0.33,2700,0.0,0.0,1
179,165,6.0,46.0,73000,26000,0.33,2700,0.0,0.0,1
200,186,5.0,51.0,73000,26000,0.33,2700,0.0,0.0,1
145,55,24.0,36.0,73000,26000,0.33,2700,0.0,0.0,1
172,145,9.0,46.0,73000,26000,0.33,2700,0.0,0.0,1
193,165,8.0,53.0,73000,26000,0.33,2700,0.0,0.0,1
207,179,7.0,58.0,73000,26000,0.33,2700,0.0,0.0,1
221,200,6.0,63.0,73000,26000,0.33,2700,0.0,0.0,1
193,90,25.0,47.0,73000,26000,0.33,2700,0.0,0.0,1
228,193,12.0,60.0,73000,26000,0.33,2700,0.0,0.0,1
262,214,10.0,68.0,73000,26000,0.33,2700,0.0,0.0,1
276,241,8.0,73.0,73000,26000,0.33,2700,0.0,0.0,1
290,255,7.0,77.0,73000,26000,0.33,2700,0.0,0.0,1
290,152,35.0,65.0,73000,26000,0.33,2700,0.0,0.0,1
434,407,10.0,105.0,73000,26000,0.33,2700,0.0,0.0,1
414,345,15.0,100.0,73000,26000,0.33,2700,0.0,0.0,1
290,145,22.0,0.0,73000,26000,0.33,2700,0.0,0.0,1
317,228,16.0,0.0,73000,26000,0.33,2700,0.0,0.0,1
317,228,16.0,0.0,73000,26000,0.33,2700,0.0,0.0,1
262,117,22.0,0.0,73000,26000,0.33,2700,0.0,0.0,1
290,207,12.0,0.0,73000,26000,0.33,2700,0.0,0.0,1
324,255,10.0,0.0,73000,26000,0.33,2700,0.0,0.0,1
269,131,14.0,0.0,73000,26000,0.33,2700,0.0,0.0,1
290,207,12.0,0.0,73000,26000,0.33,2700,0.0,0.0,1
241,117,27.0,58.0,73000,26000,0.33,2700,0.0,0.0,1
269,207,15.0,67.0,73000,26000,0.33,2700,0.0,0.0,1
290,228,13.0,73.0,73000,26000,0.33,2700,0.0,0.0,1
310,248,12.0,78.0,73000,26000,0.33,2700,0.0,0.0,1
331,269,10.0,80.0,73000,26000,0.33,2700,0.0,0.0,1
241,117,25.0,63.0,73000,26000,0.33,2700,0.0,0.0,1
234,172,11.0,68.0,73000,26000,0.33,2700,0.0,0.0,1
283,241,5.0,75.0,73000,26000,0.33,2700,0.0,0.0,1
283,241,5.0,75.0,73000,26000,0.33,2700,0.0,0.0,1
241,117,27.0,58.0,73000,26000,0.33,2700,0.0,0.0,1
269,207,15.0,67.0,73000,26000,0.33,2700,0.0,0.0,1
290,228,13.0,73.0,73000,26000,0.33,2700,0.0,0.0,1
310,248,12.0,78.0,73000,26000,0.33,2700,0.0,0.0,1
331,269,10.0,80.0,73000,26000,0.33,2700,0.0,0.0,1
241,117,25.0,63.0,73000,26000,0.33,2700,0.0,0.0,1
248,117,22.0,62.0,73000,26000,0.33,2700,0.0,0.0,1
276,207,10.0,73.0,73000,26000,0.33,2700,0.0,0.0,1
303,241,10.0,81.0,73000,26000,0.33,2700,0.0,0.0,1
262,179,14.0,70.0,73000,26000,0.33,2700,0.0,0.0,1
248,124,18.0,62.0,73000,26000,0.33,2700,0.0,0.0,1
310,159,24.0,0.0,73000,26000,0.33,2700,0.0,0.0,1
310,165,22.0,0.0,73000,26000,0.33,2700,0.0,0.0,1
352,255,16.0,90.0,73000,26000,0.33,2700,0.0,0.0,1
352,255,16.0,90.0,73000,26000,0.33,2700,0.0,0.0,1
131,48,22.0,32.0,73000,26000,0.33,2700,0.0,0.0,1
179,159,12.0,48.0,73000,26000,0.33,2700,0.0,0.0,1
207,186,6.0,55.0,73000,26000,0.33,2700,0.0,0.0,1
207,186,6.0,55.0,73000,26000,0.33,2700,0.0,0.0,1
193,90,25.0,47.0,73000,26000,0.33,2700,0.0,0.0,1
228,193,12.0,60.0,73000,26000,0.33,2700,0.0,0.0,1
262,214,10.0,68.0,73000,26000,0.33,2700,0.0,0.0,1
276,241,8.0,73.0,73000,26000,0.33,2700,0.0,0.0,1
290,255,7.0,77.0,73000,26000,0.33,2700,0.0,0.0,1
159,138,12.0,40.0,73000,26000,0.33,2700,0.0,0.0,1
193,165,7.0,50.0,73000,26000,0.33,2700,0.0,0.0,1
193,165,7.0,50.0,73000,26000,0.33,2700,0.0,0.0,1
124,55,25.0,30.0,73000,26000,0.33,2700,0.0,0.0,1
241,145,22.0,65.0,73000,26000,0.33,2700,0.0,0.0,1
241,145,22.0,65.0,73000,26000,0.33,2700,0.0,0.0,1
310,276,12.0,95.0,73000,26000,0.33,2700,0.0,0.0,1
310,276,12.0,95.0,73000,26000,0.33,2700,0.0,0.0,1
117,48,25.0,0.0,73000,26000,0.33,2700,0.0,0.0,1
228,131,22.0,0.0,73000,26000,0.33,2700,0.0,0.0,1
228,131,22.0,0.0,73000,26000,0.33,2700,0.0,0.0,1
290,255,12.0,0.0,73000,26000,0.33,2700,0.0,0.0,1
290,255,12.0,0.0,73000,26000,0.33,2700,0.0,0.0,1
90,48,0.0,25.0,73000,26000,0.33,2700,0.0,0.0,1
152,90,20.0,42.0,73000,26000,0.33,2700,0.0,0.0,1
172,90,22.0,0.0,73000,26000,0.33,2700,0.0,0.0,1
186,145,12.0,60.0,73000,26000,0.33,2700,0.0,0.0,1
241,214,12.0,73.0,73000,26000,0.33,2700,0.0,0.0,1
255,241,9.0,82.0,73000,26000,0.33,2700,0.0,0.0,1
207,186,10.0,70.0,73000,26000,0.33,2700,0.0,0.0,1
290,269,12.0,95.0,73000,26000,0.33,2700,0.0,0.0,1
152,83,18.0,43.0,73000,26000,0.33,2700,0.0,0.0,1
359,207,18.0,90.0,73000,26000,0.33,2700,0.0,0.0,1
359,207,18.0,90.0,73000,26000,0.33,2700,0.0,0.0,1
393,359,12.0,120.0,73000,26000,0.33,2700,0.0,0.0,1
393,359,12.0,120.0,73000,26000,0.33,2700,0.0,0.0,1
379,352,10.0,0.0,73000,26000,0.33,2700,0.0,0.0,1
97,76,0.0,0.0,73000,26000,0.33,2700,0.0,0.0,1
221,193,15.0,71.0,73000,26000,0.33,2700,0.0,0.0,1
400,379,10.0,120.0,73000,26000,0.33,2700,0.0,0.0,1
248,152,20.0,0.0,73000,26000,0.33,2700,0.0,0.0,1
310,283,14.0,95.0,73000,26000,0.33,2700,0.0,0.0,1
152,90,20.0,42.0,73000,26000,0.33,2700,0.0,0.0,1
186,145,12.0,60.0,73000,26000,0.33,2700,0.0,0.0,1
241,214,12.0,74.0,73000,26000,0.33,2700,0.0,0.0,1
517,448,12.0,135.0,73000,26000,0.33,2700,0.0,0.0,1
517,434,11.0,135.0,73000,26000,0.33,2700,0.0,0.0,1
496,434,12.0,0.0,73000,26000,0.33,2700,0.0,0.0,1
524,469,11.0,0.0,73000,26000,0.33,2700,0.0,0.0,1
552,490,11.0,0.0,73000,26000,0.33,2700,0.0,0.0,1
228,103,17.0,60.0,73000,26000,0.33,2700,0.0,0.0,1
572,503,11.0,150.0,73000,26000,0.33,2700,0.0,0.0,1
572,503,11.0,150.0,73000,26000,0.33,2700,0.0,0.0,1
221,97,17.0,0.0,73000,26000,0.33,2700,0.0,0.0,1
524,462,11.0,0.0,73000,26000,0.33,2700,0.0,0.0,1
524,462,11.0,0.0,73000,26000,0.33,2700,0.0,0.0,1
228,103,15.0,0.0,73000,26000,0.33,2700,0.0,0.0,1
607,538,10.0,0.0,73000,26000,0.33,2700,0.0,0.0,1
607,538,10.0,0.0,73000,26000,0.33,2700,0.0,0.0,1
572,503,10.0,0.0,73000,26000,0.33,2700,0.0,0.0,1
572,503,10.0,0.0,73000,26000,0.33,2700,0.0,0.0,1
221,97,16.0,0.0,73000,26000,0.33,2700,0.0,0.0,1
558,490,10.0,0.0,73000,26000,0.33,2700,0.0,0.0,1
558,490,10.0,0.0,73000,26000,0.33,2700,0.0,0.0,1
117,97,15.0,0.0,73000,26000,0.33,2700,0.0,0.0,1
276,152,0.0,0.0,73000,26000,0.33,1750,0.0,0.0,1
276,97,12.0,0.0,73000,26000,0.33,1750,0.0,0.0,1
276,83,15.0,0.0,73000,26000,0.33,1750,0.0,0.0,1
276,145,6.0,0.0,73000,26000,0.33,1750,0.0,0.0,1
276,145,6.0,0.0,73000,26000,0.33,1750,0.0,0.0,1
276,152,3.0,0.0,73000,26000,0.33,1750,0.0,0.0,1
159,110,3.0,0.0,73000,26000,0.33,1750,0.0,0.0,1
221,103,8.0,0.0,73000,26000,0.33,1750,0.0,0.0,1
186,90,4.0,0.0,73000,26000,0.33,1750,0.0,0.0,1
179,55,19.0,0.0,73000,26000,0.33,1750,0.0,0.0,1
262,193,3.0,0.0,73000,26000,0.33,1750,0.0,0.0,1
276,207,4.0,0.0,73000,26000,0.33,1750,0.0,0.0,1
207,138,4.0,0.0,73000,26000,0.33,1750,0.0,0.0,1
303,193,10.0,0.0,73000,26000,0.33,1750,0.0,0.0,1
241,152,4.0,0.0,73000,26000,0.33,1750,0.0,0.0,1
207,138,4.0,0.0,73000,26000,0.33,1750,0.0,0.0,1
310,193,10.0,0.0,73000,26000,0.33,1750,0.0,0.0,1
276,200,4.0,0.0,73000,26000,0.33,1750,0.0,0.0,1
234,159,3.0,0.0,73000,26000,0.33,1750,0.0,0.0,1
234,159,3.0,0.0,73000,26000,0.33,1750,0.0,0.0,1
234,159,3.0,0.0,73000,26000,0.33,1750,0.0,0.0,1
221,131,8.0,0.0,73000,26000,0.33,1750,0.0,0.0,1
221,131,8.0,0.0,73000,26000,0.33,1750,0.0,0.0,1
214,138,6.0,0.0,73000,26000,0.33,1750,0.0,0.0,1
241,145,10.0,0.0,73000,26000,0.33,1750,0.0,0.0,7
262,200,15.0,0.0,73000,26000,0.33,1750,0.0,0.0,7
262,200,15.0,0.0,73000,26000,0.33,1750,0.0,0.0,7
310,228,16.0,0.0,73000,26000,0.33,1750,0.0,0.0,7
379,276,7.0,0.0,73000,26000,0.33,1750,0.0,0.0,7
290,228,10.0,0.0,73000,26000,0.33,1750,0.0,0.0,7
255,179,12.0,0.0,73000,26000,0.33,1750,0.0,0.0,7
276,255,4.0,0.0,73000,26000,0.33,1750,0.0,0.0,7
352,283,11.0,0.0,73000,26000,0.33,1750,0.0,0.0,7
290,221,15.0,0.0,73000,26000,0.33,1750,0.0,0.0,0
290,221,15.0,0.0,73000,26000,0.33,1750,0.0,0.0,0
262,207,9.0,0.0,73000,26000,0.33,1750,0.0,0.0,0
234,172,11.0,0.0,73000,26000,0.33,1750,0.0,0.0,0
380,230,9.0,0.0,206000,80000,0.3,7860,0.0,0.0,0
360,225,9.0,0.0,206000,80000,0.3,7860,0.0,0.0,0
600,380,16.0,0.0,206000,80000,0.3,7860,0.0,0.0,0
270,280,28.0,0.0,206000,80000,0.3,7860,0.0,0.0,0
270,240,34.0,0.0,206000,80000,0.3,7860,0.0,0.0,0
270,210,38.0,0.0,206000,80000,0.3,7860,0.0,0.0,0
360,225,25.0,0.0,206000,80000,0.3,7860,0.0,0.0,0
360,225,25.0,0.0,206000,80000,0.3,7860,0.0,0.0,0
340,225,26.0,0.0,206000,80000,0.3,7860,0.0,0.0,0
340,225,25.0,0.0,206000,80000,0.3,7860,0.0,0.0,0
340,225,26.0,0.0,206000,80000,0.3,7860,0.0,0.0,0
340,225,26.0,0.0,206000,80000,0.3,7860,0.0,0.0,0
410,225,23.0,0.0,206000,80000,0.3,7860,0.0,0.0,0
410,265,22.0,0.0,206000,80000,0.3,7860,0.0,0.0,0
410,265,22.0,0.0,206000,80000,0.3,7860,0.0,0.0,0
410,265,22.0,0.0,206000,80000,0.3,7860,0.0,0.0,0
490,345,22.0,0.0,206000,80000,0.3,7860,0.0,0.0,0
490,345,22.0,0.0,206000,80000,0.3,7860,0.0,0.0,0
490,345,22.0,0.0,206000,80000,0.3,7860,0.0,0.0,0
490,345,22.0,0.0,206000,80000,0.3,7860,0.0,0.0,0
410,255,22.0,0.0,206000,80000,0.3,7860,0.0,0.0,0
510,345,21.0,0.0,206000,80000,0.3,7860,0.0,0.0,0
470,285,20.0,0.0,206000,80000,0.3,7860,313.0,141.0,0
570,325,16.0,0.0,206000,80000,0.3,7860,375.0,169.0,0
690,355,11.0,0.0,206000,80000,0.3,7860,437.0,197.0,0
420,300,16.0,0.0,206000,80000,0.3,7860,0.0,0.0,0
440,340,11.0,0.0,206000,80000,0.3,7860,0.0,0.0,0
470,290,22.0,0.0,206000,80000,0.3,7860,0.0,0.0,0
500,320,21.0,0.0,206000,80000,0.3,7860,0.0,0.0,0
550,350,20.0,0.0,206000,80000,0.3,7860,0.0,0.0,0
600,380,16.0,0.0,206000,80000,0.3,7860,0.0,0.0,0
630,400,18.0,0.0,206000,80000,0.3,7860,0.0,0.0,0
650,430,16.0,0.0,206000,80000,0.3,7860,426.0,192.0,5
700,460,15.0,0.0,206000,80000,0.3,7860,441.0,198.0,5
750,490,14.0,0.0,206000,80000,0.3,7860,455.0,204.0,5
800,520,13.0,0.0,206000,80000,0.3,7860,470.0,210.0,5
460,290,22.0,0.0,206000,80000,0.3,7860,0.0,0.0,0
700,490,15.0,0.0,206000,80000,0.3,7860,0.0,0.0,5
580,340,14.0,0.0,206000,80000,0.3,7860,0.0,0.0,0
800,590,14.0,0.0,206000,80000,0.3,7860,0.0,0.0,5
850,630,13.0,0.0,206000,80000,0.3,7860,600.0,277.0,5
900,660,12.0,0.0,206000,80000,0.3,7860,0.0,0.0,5
900,680,10.0,0.0,206000,80000,0.3,7860,1300.0,670.0,8
980,680,8.0,0.0,206000,80000,0.3,7860,1300.0,670.0,8
440,270,24.0,0.0,206000,80000,0.3,7860,0.0,0.0,0
450,295,20.0,0.0,206000,80000,0.3,7860,0.0,0.0,0
800,600,14.0,0.0,206000,80000,0.3,7860,0.0,0.0,5
900,650,12.0,0.0,206000,80000,0.3,7860,0.0,0.0,5
1000,770,11.0,0.0,206000,80000,0.3,7860,0.0,0.0,5
490,345,22.0,0.0,206000,80000,0.3,7860,0.0,0.0,0
490,345,22.0,0.0,206000,80000,0.3,7860,0.0,0.0,0
900,700,11.0,0.0,206000,80000,0.3,7860,1210.0,610.0,8
480,300,18.0,0.0,206000,80000,0.3,7860,0.0,0.0,0
520,310,18.0,0.0,206000,80000,0.3,7860,0.0,0.0,0
835,590,12.0,0.0,206000,80000,0.3,7860,1300.0,670.0,8
490,355,22.0,0.0,206000,80000,0.3,7860,0.0,0.0,0
1100,900,10.0,0.0,206000,80000,0.3,7860,0.0,0.0,5
1250,1050,9.0,0.0,206000,80000,0.3,7860,0.0,0.0,5
530,390,20.0,0.0,206000,80000,0.3,7860,0.0,0.0,0
680,585,18.0,0.0,206000,80000,0.3,7860,0.0,0.0,0
400,230,20.0,0.0,206000,80000,0.3,7860,0.0,0.0,0
650,450,15.0,0.0,206000,80000,0.3,7860,0.0,0.0,0
700,500,13.0,0.0,206000,80000,0.3,7860,0.0,0.0,0
850,650,10.0,0.0,206000,80000,0.3,7860,0.0,0.0,0
400,240,20.0,0.0,206000,80000,0.3,7860,0.0,0.0,0
800,600,14.0,0.0,206000,80000,0.3,7860,0.0,0.0,0
500,190,45.0,0.0,206000,80000,0.3,7860,0.0,0.0,0
500,190,35.0,0.0,206000,80000,0.3,7860,0.0,0.0,0
500,190,40.0,0.0,206000,80000,0.3,7860,0.0,0.0,0
460,180,45.0,0.0,206000,80000,0.3,7860,0.0,0.0,0
550,270,40.0,0.0,206000,80000,0.3,7860,0.0,0.0,0
500,200,40.0,0.0,206000,80000,0.3,7860,0.0,0.0,0
500,200,40.0,0.0,206000,80000,0.3,7860,0.0,0.0,0
500,200,40.0,0.0,206000,80000,0.3,7860,0.0,0.0,0
500,200,40.0,0.0,206000,80000,0.3,7860,0.0,0.0,0
500,200,40.0,0.0,206000,80000,0.3,7860,0.0,0.0,0
580,280,40.0,0.0,206000,80000,0.3,7860,0.0,0.0,0
580,280,40.0,0.0,206000,80000,0.3,7860,0.0,0.0,0
650,450,25.0,0.0,206000,80000,0.3,7860,0.0,0.0,0
680,320,45.0,0.0,206000,80000,0.3,7860,0.0,0.0,0
150,150,0.0,0.0,85000,34000,0.25,7160,270.0,190.0,0
200,200,0.0,0.0,85000,34000,0.25,7160,340.0,210.0,0
250,250,0.0,0.0,85000,34000,0.25,7160,400.0,230.0,0
300,300,0.0,0.0,85000,34000,0.25,7160,460.0,250.0,0
350,350,0.0,0.0,85000,34000,0.25,7160,520.0,260.0,0
500,320,0.0,0.0,169000,70000,0.2,7160,400.0,180.0,0
600,370,0.0,0.0,169000,70000,0.2,7160,480.0,210.0,0
700,420,0.0,0.0,169000,70000,0.2,7160,560.0,230.0,0
800,480,0.0,0.0,169000,70000,0.2,7160,600.0,240.0,0
400,180,4.0,0.0,160000,64000,0.27,7160,300.0,220.0,0
500,260,4.0,0.0,160000,64000,0.27,7160,370.0,230.0,0
460,375,8.0,0.0,206000,80000,0.3,7860,0.0,0.0,0
460,355,9.0,0.0,206000,80000,0.3,7860,0.0,0.0,0
580,365,16.0,0.0,206000,80000,0.3,7860,0.0,0.0,0
270,250,34.0,0.0,206000,80000,0.3,7860,0.0,0.0,0
270,210,38.0,0.0,206000,80000,0.3,7860,0.0,0.0,0
270,280,28.0,0.0,206000,80000,0.3,7860,0.0,0.0,0
330,195,28.0,0.0,206000,80000,0.3,7860,0.0,0.0,0
410,320,6.0,0.0,206000,80000,0.3,7860,0.0,0.0,0
350,225,25.0,0.0,206000,80000,0.3,7860,0.0,0.0,0
360,225,25.0,0.0,206000,80000,0.3,7860,0.0,0.0,0
340,225,26.0,0.0,206000,80000,0.3,7860,0.0,0.0,0
440,350,6.0,0.0,206000,80000,0.3,7860,0.0,0.0,0
340,225,26.0,0.0,206000,80000,0.3,7860,0.0,0.0,0
340,225,26.0,0.0,206000,80000,0.3,7860,0.0,0.0,0
410,255,23.0,0.0,206000,80000,0.3,7860,0.0,0.0,0
410,265,22.0,0.0,206000,80000,0.3,7860,0.0,0.0,0
420,265,21.0,0.0,206000,80000,0.3,7860,0.0,0.0,0
410,265,22.0,0.0,206000,80000,0.3,7860,0.0,0.0,0
470,285,20.0,0.0,206000,80000,0.3,7860,313.0,141.0,0
490,345,22.0,0.0,206000,80000,0.3,7860,0.0,0.0,0
500,345,21.0,0.0,206000,80000,0.3,7860,0.0,0.0,0
590,470,4.0,0.0,206000,80000,0.3,7860,0.0,0.0,0
570,325,16.0,0.0,206000,80000,0.3,7860,375.0,169.0,0
670,355,11.0,0.0,206000,80000,0.3,7860,437.0,197.0,0
440,275,0.0,0.0,206000,80000,0.3,7860,1300.0,670.0,8
495,295,0.0,0.0,206000,80000,0.3,7860,1300.0,670.0,8
500,300,22.0,0.0,206000,80000,0.3,7860,0.0,0.0,0
500,320,21.0,0.0,206000,80000,0.3,7860,0.0,0.0,0
550,350,20.0,0.0,206000,80000,0.3,7860,0.0,0.0,0
600,370,19.0,0.0,206000,80000,0.3,7860,0.0,0.0,0
580,360,19.0,0.0,206000,80000,0.3,7860,0.0,0.0,0
630,400,18.0,0.0,206000,80000,0.3,7860,0.0,0.0,5
535,320,16.0,0.0,206000,80000,0.3,7860,337.0,152.0,3
650,430,16.0,0.0,206000,80000,0.3,7860,426.0,192.0,5
660,410,16.0,0.0,206000,80000,0.3,7860,0.0,0.0,0
700,460,15.0,0.0,206000,80000,0.3,7860,1210.0,610.0,8
690,430,14.0,0.0,206000,80000,0.3,7860,0.0,0.0,0
750,500,14.0,0.0,206000,80000,0.3,7860,0.0,0.0,5
680,400,13.0,0.0,206000,80000,0.3,7860,420.0,190.0,3
800,520,13.0,0.0,206000,80000,0.3,7860,480.0,225.0,5
800,520,13.0,0.0,206000,80000,0.3,7860,1240.0,630.0,11
460,290,22.0,0.0,206000,80000,0.3,7860,0.0,0.0,0
690,490,15.0,0.0,206000,80000,0.3,7860,0.0,0.0,0
590,340,13.0,0.0,206000,80000,0.3,7860,0.0,0.0,0
800,590,14.0,0.0,206000,80000,0.3,7860,0.0,0.0,0
850,630,13.0,0.0,206000,80000,0.3,7860,590.0,270.0,5
850,630,13.0,0.0,206000,80000,0.3,7860,1210.0,610.0,8
1700,1300,13.0,0.0,206000,80000,0.3,7860,1240.0,630.0,11
830,630,13.0,0.0,206000,80000,0.3,7860,0.0,0.0,0
900,660,12.0,0.0,206000,80000,0.3,7860,0.0,0.0,0
880,670,12.0,0.0,206000,80000,0.3,7860,0.0,0.0,0
850,630,13.0,0.0,206000,80000,0.3,7860,0.0,0.0,0
880,665,12.0,0.0,206000,80000,0.3,7860,0.0,0.0,0
1450,1270,6.0,0.0,206000,80000,0.3,7860,0.0,0.0,5
900,680,10.0,0.0,206000,80000,0.3,7860,1300.0,670.0,8
980,680,8.0,0.0,206000,80000,0.3,7860,0.0,0.0,0
1370,1180,7.0,0.0,206000,80000,0.3,7860,0.0,0.0,5
440,270,24.0,0.0,206000,80000,0.3,7860,0.0,0.0,0
450,295,20.0,0.0,206000,80000,0.3,7860,0.0,0.0,0
490,345,22.0,0.0,206000,80000,0.3,7860,0.0,0.0,0
800,600,14.0,0.0,206000,80000,0.3,7860,0.0,0.0,0
900,650,12.0,0.0,206000,80000,0.3,7860,0.0,0.0,0
1000,750,11.0,0.0,206000,80000,0.3,7860,0.0,0.0,0
980,760,11.0,0.0,206000,80000,0.3,7860,0.0,0.0,0
880,690,12.0,0.0,206000,80000,0.3,7860,0.0,0.0,0
800,600,0.0,0.0,206000,80000,0.3,7860,1360.0,720.0,11
980,850,0.0,0.0,206000,80000,0.3,7860,800.0,380.0,5
980,850,0.0,0.0,206000,80000,0.3,7860,1210.0,610.0,8
1370,1180,8.0,0.0,206000,80000,0.3,7860,0.0,0.0,5
480,300,18.0,0.0,206000,80000,0.3,7860,0.0,0.0,0
930,735,12.0,0.0,206000,80000,0.3,7860,0.0,0.0,0
1230,1030,9.0,0.0,206000,80000,0.3,7860,0.0,0.0,0
1000,750,11.0,0.0,206000,80000,0.3,7860,0.0,0.0,0
1080,785,8.0,0.0,206000,80000,0.3,7860,0.0,0.0,0
490,355,22.0,0.0,206000,80000,0.3,7860,0.0,0.0,0
1100,900,10.0,0.0,206000,80000,0.3,7860,0.0,0.0,0
1250,1050,9.0,0.0,206000,80000,0.3,7860,0.0,0.0,0
530,390,20.0,0.0,206000,80000,0.3,7860,0.0,0.0,0
680,585,18.0,0.0,206000,80000,0.3,7860,0.0,0.0,0
400,250,20.0,0.0,206000,80000,0.3,7860,0.0,0.0,0
450,270,20.0,0.0,206000,80000,0.3,7860,0.0,0.0,0
600,420,18.0,0.0,206000,80000,0.3,7860,0.0,0.0,0
650,450,14.0,0.0,206000,80000,0.3,7860,0.0,0.0,0
800,600,11.0,0.0,206000,80000,0.3,7860,0.0,0.0,0
900,700,14.0,0.0,206000,80000,0.3,7860,0.0,0.0,0
400,250,20.0,0.0,206000,80000,0.3,7860,0.0,0.0,0
750,550,14.0,0.0,206000,80000,0.3,7860,0.0,0.0,0
1000,800,7.0,0.0,206000,80000,0.3,7860,0.0,0.0,0
500,195,45.0,0.0,206000,80000,0.3,7860,0.0,0.0,0
500,195,35.0,0.0,206000,80000,0.3,7860,0.0,0.0,0
500,200,40.0,0.0,206000,80000,0.3,7860,0.0,0.0,0
460,180,45.0,0.0,206000,80000,0.3,7860,0.0,0.0,0
550,270,40.0,0.0,206000,80000,0.3,7860,0.0,0.0,0
510,205,40.0,0.0,206000,80000,0.3,7860,0.0,0.0,0
500,210,35.0,0.0,206000,80000,0.3,7860,0.0,0.0,0
490,190,40.0,0.0,206000,80000,0.3,7860,0.0,0.0,0
490,190,35.0,0.0,206000,80000,0.3,7860,0.0,0.0,0
510,205,40.0,0.0,206000,80000,0.3,7860,0.0,0.0,0
580,280,40.0,0.0,206000,80000,0.3,7860,0.0,0.0,0
580,295,40.0,0.0,206000,80000,0.3,7860,0.0,0.0,0
580,285,35.0,0.0,206000,80000,0.3,7860,0.0,0.0,0
590,295,45.0,0.0,206000,80000,0.3,7860,0.0,0.0,0
950,580,8.0,0.0,206000,80000,0.3,7860,0.0,0.0,0
150,150,0.0,0.0,85000,34000,0.25,7160,270.0,190.0,0
200,200,0.0,0.0,85000,34000,0.25,7160,340.0,210.0,0
250,250,0.0,0.0,85000,34000,0.25,7160,400.0,230.0,0
300,300,0.0,0.0,85000,34000,0.25,7160,460.0,250.0,0
350,350,0.0,0.0,85000,34000,0.25,7160,520.0,260.0,0
500,320,0.0,0.0,169000,70000,0.2,7160,400.0,180.0,0
600,370,0.0,0.0,169000,70000,0.2,7160,480.0,210.0,0
700,420,0.0,0.0,169000,70000,0.2,7160,560.0,230.0,0
800,480,0.0,0.0,169000,70000,0.2,7160,600.0,240.0,0
400,180,4.0,0.0,160000,64000,0.27,7160,300.0,220.0,0
500,260,4.0,0.0,160000,64000,0.27,7160,370.0,230.0,0
430,300,8.0,0.0,206000,80000,0.3,7860,0.0,0.0,0
635,370,18.0,0.0,206000,80000,0.3,7860,0.0,0.0,0
280,140,32.0,0.0,206000,80000,0.3,7860,0.0,0.0,0
280,140,34.0,0.0,206000,80000,0.3,7860,0.0,0.0,0
280,140,0.0,0.0,206000,80000,0.3,7860,0.0,0.0,0
420,355,6.0,0.0,206000,80000,0.3,7860,0.0,0.0,0
360,215,24.0,0.0,206000,80000,0.3,7860,0.0,0.0,0
360,225,25.0,0.0,206000,80000,0.3,7860,0.0,0.0,0
450,360,6.0,0.0,206000,80000,0.3,7860,0.0,0.0,0
340,225,26.0,0.0,206000,80000,0.3,7860,0.0,0.0,0
340,225,26.0,0.0,206000,80000,0.3,7860,0.0,0.0,0
410,225,23.0,0.0,206000,80000,0.3,7860,0.0,0.0,0
430,245,22.0,0.0,206000,80000,0.3,7860,0.0,0.0,0
460,280,21.0,0.0,206000,80000,0.3,7860,0.0,0.0,0
430,245,22.0,0.0,206000,80000,0.3,7860,0.0,0.0,0
490,355,20.0,0.0,206000,80000,0.3,7860,310.0,140.0,0
490,355,20.0,0.0,206000,80000,0.3,7860,0.0,0.0,0
490,355,20.0,0.0,206000,80000,0.3,7860,0.0,0.0,0
540,340,18.0,0.0,206000,80000,0.3,7860,0.0,0.0,0
600,480,4.0,0.0,206000,80000,0.3,7860,0.0,0.0,0
550,430,19.0,0.0,206000,80000,0.3,7860,370.0,165.0,0
550,430,19.0,0.0,206000,80000,0.3,7860,370.0,165.0,0
490,245,20.0,0.0,206000,80000,0.3,7860,0.0,0.0,0
550,310,18.0,0.0,206000,80000,0.3,7860,0.0,0.0,0
625,370,16.0,0.0,206000,80000,0.3,7860,0.0,0.0,0
625,370,16.0,0.0,206000,80000,0.3,7860,0.0,0.0,0
625,355,16.0,0.0,206000,80000,0.3,7860,0.0,0.0,0
625,340,16.0,0.0,206000,80000,0.3,7860,400.0,180.0,0
700,400,14.0,0.0,206000,80000,0.3,7860,0.0,0.0,0
625,360,15.0,0.0,206000,80000,0.3,7860,0.0,0.0,0
775,450,14.0,0.0,206000,80000,0.3,7860,0.0,0.0,0
775,450,14.0,0.0,206000,80000,0.3,7860,0.0,0.0,0
550,325,18.0,0.0,206000,80000,0.3,7860,0.0,0.0,0
1300,1100,6.0,0.0,206000,80000,0.3,7860,0.0,0.0,5
700,510,17.0,0.0,206000,80000,0.3,7860,500.0,230.0,0
775,570,15.0,0.0,206000,80000,0.3,7860,0.0,0.0,5
850,665,13.0,0.0,206000,80000,0.3,7860,1210.0,610.0,8
1380,1180,6.0,0.0,206000,80000,0.3,7860,0.0,0.0,5
850,665,13.0,0.0,206000,80000,0.3,7860,0.0,0.0,0
850,665,13.0,0.0,206000,80000,0.3,7860,0.0,0.0,0
850,665,13.0,0.0,206000,80000,0.3,7860,0.0,0.0,5
925,740,12.0,0.0,206000,80000,0.3,7860,1210.0,610.0,8
1370,1180,6.0,0.0,206000,80000,0.3,7860,0.0,0.0,5
775,570,15.0,0.0,206000,80000,0.3,7860,1360.0,720.0,11
850,665,13.0,0.0,206000,80000,0.3,7860,0.0,0.0,0
850,685,13.0,0.0,206000,80000,0.3,7860,1360.0,720.0,11
1075,925,11.0,0.0,206000,80000,0.3,7860,0.0,0.0,5
420,245,20.0,0.0,206000,80000,0.3,7860,0.0,0.0,0
550,340,15.0,0.0,206000,80000,0.3,7860,0.0,0.0,0
700,490,11.0,0.0,206000,80000,0.3,7860,0.0,0.0,0
430,245,20.0,0.0,206000,80000,0.3,7860,0.0,0.0,0
900,685,14.0,0.0,206000,80000,0.3,7860,0.0,240.0,0
850,635,11.0,0.0,206000,80000,0.3,7860,0.0,0.0,0
480,195,40.0,0.0,206000,80000,0.3,7860,0.0,0.0,0
510,190,40.0,0.0,206000,80000,0.3,7860,0.0,0.0,0
490,195,40.0,0.0,206000,80000,0.3,7860,0.0,0.0,0
480,180,40.0,0.0,206000,80000,0.3,7860,0.0,0.0,0
510,205,40.0,0.0,206000,80000,0.3,7860,0.0,0.0,0
490,190,40.0,0.0,206000,80000,0.3,7860,0.0,0.0,0
510,205,40.0,0.0,206000,80000,0.3,7860,0.0,0.0,0
950,580,8.0,0.0,206000,80000,0.3,7860,0.0,0.0,0
150,150,0.0,0.0,85000,34000,0.25,7160,270.0,190.0,0
200,200,0.0,0.0,85000,34000,0.25,7160,340.0,210.0,0
250,250,0.0,0.0,85000,34000,0.25,7160,400.0,230.0,0
300,300,0.0,0.0,85000,34000,0.25,7160,460.0,250.0,0
350,350,0.0,0.0,85000,34000,0.25,7160,520.0,260.0,0
500,320,0.0,0.0,169000,70000,0.2,7160,400.0,180.0,0
600,370,0.0,0.0,169000,70000,0.2,7160,480.0,210.0,0
700,420,0.0,0.0,169000,70000,0.2,7160,560.0,230.0,0
800,480,0.0,0.0,169000,70000,0.2,7160,600.0,240.0,0
400,180,4.0,0.0,160000,64000,0.27,7160,300.0,220.0,0
500,260,4.0,0.0,160000,64000,0.27,7160,370.0,230.0,0
350,200,0.0,0.0,206000,80000,0.3,7860,0.0,0.0,0
400,226,24.0,0.0,206000,80000,0.3,7860,0.0,0.0,0
471,373,8.0,0.0,206000,80000,0.3,7860,0.0,0.0,3
400,255,22.0,0.0,206000,80000,0.3,7860,0.0,0.0,0
660,520,6.0,0.0,206000,80000,0.3,7860,0.0,0.0,3
280,200,31.0,0.0,206000,80000,0.3,7860,0.0,0.0,0
290,215,36.0,0.0,206000,80000,0.3,7860,0.0,0.0,0
280,200,29.0,0.0,206000,80000,0.3,7860,0.0,0.0,0
330,195,30.0,0.0,206000,80000,0.3,7860,0.0,0.0,0
340,225,24.0,0.0,206000,80000,0.3,7860,0.0,0.0,0
350,225,26.0,0.0,206000,80000,0.3,7860,0.0,0.0,0
340,225,26.0,0.0,206000,80000,0.3,7860,0.0,0.0,0
360,235,26.0,0.0,206000,80000,0.3,7860,0.0,0.0,0
410,255,24.0,0.0,206000,80000,0.3,7860,0.0,0.0,0
420,240,22.0,0.0,206000,80000,0.3,7860,0.0,0.0,0
430,285,22.0,0.0,206000,80000,0.3,7860,0.0,0.0,0
440,265,20.0,0.0,206000,80000,0.3,7860,0.0,0.0,0
490,265,19.0,0.0,206000,80000,0.3,7860,313.0,141.0,0
490,340,22.0,0.0,206000,80000,0.3,7860,0.0,0.0,0
510,345,23.0,0.0,206000,80000,0.3,7860,0.0,0.0,3
590,315,14.0,0.0,206000,80000,0.3,7860,375.0,169.0,0
590,315,14.0,0.0,206000,80000,0.3,7860,1210.0,610.0,8
686,355,11.0,0.0,206000,80000,0.3,7860,437.0,197.0,0
686,355,11.0,0.0,206000,80000,0.3,7860,1210.0,610.0,8
490,325,16.0,0.0,206000,80000,0.3,7860,1280.0,771.0,8
550,350,12.0,0.0,206000,80000,0.3,7860,0.0,0.0,0
490,295,12.0,0.0,206000,80000,0.3,7860,1300.0,771.0,8
480,300,22.0,0.0,206000,80000,0.3,7860,0.0,0.0,0
500,320,21.0,0.0,206000,80000,0.3,7860,0.0,0.0,0
550,350,20.0,0.0,206000,80000,0.3,7860,0.0,0.0,0
600,370,19.0,0.0,206000,80000,0.3,7860,0.0,0.0,0
630,400,18.0,0.0,206000,80000,0.3,7860,0.0,0.0,0
530,305,18.0,0.0,206000,80000,0.3,7860,337.0,152.0,3
640,390,18.0,0.0,206000,80000,0.3,7860,426.0,192.0,5
690,440,15.0,0.0,206000,80000,0.3,7860,0.0,0.0,0
750,480,14.0,0.0,206000,80000,0.3,7860,0.0,0.0,0
800,500,13.0,0.0,206000,80000,0.3,7860,480.0,220.0,5
1770,1470,2.0,0.0,206000,80000,0.3,7860,0.0,606.0,5
460,285,21.0,0.0,206000,80000,0.3,7860,0.0,0.0,0
690,490,15.0,0.0,206000,80000,0.3,7860,0.0,0.0,0
1570,1320,5.0,0.0,206000,80000,0.3,7860,0.0,492.0,5
670,430,20.0,0.0,206000,80000,0.3,7860,0.0,0.0,3
680,440,20.0,0.0,206000,80000,0.3,7860,0.0,0.0,3
780,540,14.0,0.0,206000,80000,0.3,7860,530.0,239.0,0
880,685,12.0,0.0,206000,80000,0.3,7860,0.0,0.0,0
1270,1080,6.0,0.0,206000,80000,0.3,7860,0.0,0.0,5
1420,1210,6.0,0.0,206000,80000,0.3,7860,0.0,451.0,5
588,343,14.0,0.0,206000,80000,0.3,7860,0.0,0.0,0
883,637,12.0,0.0,206000,80000,0.3,7860,599.0,277.0,5
932,785,12.0,0.0,206000,80000,0.3,7860,1210.0,610.0,8
1716,1373,12.0,0.0,206000,80000,0.3,7860,1240.0,630.0,11
883,687,11.0,0.0,206000,80000,0.3,7860,0.0,0.0,0
932,785,12.0,0.0,206000,80000,0.3,7860,0.0,0.0,0
657,490,17.0,0.0,206000,80000,0.3,7860,0.0,0.0,0
900,680,10.0,0.0,206000,80000,0.3,7860,0.0,0.0,0
785,588,10.0,0.0,206000,80000,0.3,7860,1300.0,800.0,8
981,686,8.0,0.0,206000,80000,0.3,7860,0.0,0.0,0
883,687,0.0,0.0,206000,80000,0.3,7860,1300.0,670.0,8
981,794,0.0,0.0,206000,80000,0.3,7860,1300.0,670.0,8
1370,1175,7.0,0.0,206000,80000,0.3,7860,0.0,463.0,5
1470,1275,6.0,0.0,206000,80000,0.3,7860,0.0,465.0,5
440,265,24.0,0.0,206000,80000,0.3,7860,0.0,0.0,0
430,295,20.0,0.0,206000,80000,0.3,7860,0.0,0.0,0
470,345,22.0,0.0,206000,80000,0.3,7860,0.0,0.0,0
690,490,15.0,0.0,206000,80000,0.3,7860,0.0,0.0,0
930,735,11.0,0.0,206000,80000,0.3,7860,0.0,0.0,0
880,665,12.0,0.0,206000,80000,0.3,7860,0.0,0.0,0
1000,750,11.0,0.0,206000,80000,0.3,7860,0.0,0.0,0
470,345,22.0,0.0,206000,80000,0.3,7860,0.0,0.0,0
690,490,16.0,0.0,206000,80000,0.3,7860,0.0,0.0,3
1000,850,0.0,0.0,206000,80000,0.3,7860,0.0,0.0,5
780,635,0.0,0.0,206000,80000,0.3,7860,1360.0,720.0,11
1177,981,0.0,0.0,206000,80000,0.3,7860,796.0,379.0,5
1716,1373,0.0,0.0,206000,80000,0.3,7860,1099.0,540.0,5
1177,981,0.0,0.0,206000,80000,0.3,7860,1210.0,610.0,8
900,700,11.0,0.0,206000,80000,0.3,7860,0.0,0.0,0
480,265,18.0,0.0,206000,80000,0.3,7860,0.0,0.0,0
834,637,0.0,0.0,206000,80000,0.3,7860,1360.0,720.0,11
981,785,12.0,0.0,206000,80000,0.3,7860,0.0,0.0,0
690,490,18.0,0.0,206000,80000,0.3,7860,0.0,0.0,0
883,637,12.0,0.0,206000,80000,0.3,7860,1300.0,771.0,8
835,590,12.0,0.0,206000,80000,0.3,7860,0.0,0.0,0
880,635,9.0,0.0,206000,80000,0.3,7860,0.0,0.0,0
1080,785,8.0,0.0,206000,80000,0.3,7860,0.0,0.0,0
440,285,24.0,0.0,206000,80000,0.3,7860,0.0,0.0,0
1100,900,10.0,0.0,206000,80000,0.3,7860,0.0,0.0,0
932,785,10.0,0.0,206000,80000,0.3,7860,1300.0,727.0,8
1080,880,10.0,0.0,206000,80000,0.3,7860,0.0,0.0,5
590,390,20.0,0.0,206000,80000,0.3,7860,0.0,0.0,0
1569,1275,0.0,0.0,206000,80000,0.3,7860,1045.0,510.0,5
441,245,21.0,0.0,206000,80000,0.3,7860,0.0,0.0,3
590,415,20.0,0.0,206000,80000,0.3,7860,0.0,0.0,3
690,455,15.0,0.0,206000,80000,0.3,7860,0.0,0.0,3
740,495,14.0,0.0,206000,80000,0.3,7860,0.0,0.0,3
440,265,18.0,0.0,206000,80000,0.3,7860,0.0,0.0,3
440,295,20.0,0.0,206000,80000,0.3,7860,0.0,0.0,3
441,245,20.0,0.0,206000,80000,0.3,7860,0.0,0.0,3
930,685,10.0,0.0,206000,80000,0.3,7860,0.0,0.0,3
460,270,15.0,0.0,206000,80000,0.3,7860,0.0,0.0,3
800,560,14.0,0.0,206000,80000,0.3,7860,0.0,0.0,3
900,650,14.0,0.0,206000,80000,0.3,7860,0.0,0.0,3
490,186,40.0,0.0,206000,80000,0.3,7860,0.0,0.0,3
530,195,45.0,0.0,206000,80000,0.3,7860,0.0,0.0,3
500,190,40.0,0.0,206000,80000,0.3,7860,0.0,0.0,3
550,210,40.0,0.0,206000,80000,0.3,7860,0.0,0.0,3
500,195,35.0,0.0,206000,80000,0.3,7860,0.0,0.0,3
500,205,26.0,0.0,206000,80000,0.3,7860,0.0,0.0,3
440,175,40.0,0.0,206000,80000,0.3,7860,0.0,0.0,3
650,350,40.0,0.0,206000,80000,0.3,7860,0.0,0.0,3
700,350,26.0,0.0,206000,80000,0.3,7860,0.0,0.0,3
600,250,30.0,0.0,206000,80000,0.3,7860,0.0,0.0,3
500,230,30.0,0.0,206000,80000,0.3,7860,0.0,0.0,3
540,265,40.0,0.0,206000,80000,0.3,7860,0.0,0.0,3
550,230,30.0,0.0,206000,80000,0.3,7860,0.0,0.0,3
550,205,50.0,0.0,206000,80000,0.3,7860,0.0,0.0,3
550,215,45.0,0.0,206000,80000,0.3,7860,0.0,0.0,3
540,275,40.0,0.0,206000,80000,0.3,7860,0.0,0.0,3
635,295,37.0,0.0,206000,80000,0.3,7860,0.0,0.0,3
980,590,12.0,0.0,206000,80000,0.3,7860,0.0,0.0,3
640,490,18.0,0.0,206000,80000,0.3,7860,0.0,0.0,3
360,240,0.0,0.0,169000,70000,0.2,7160,290.0,140.0,0
420,270,0.0,0.0,169000,70000,0.2,7160,340.0,150.0,0
500,320,0.0,0.0,169000,70000,0.2,7160,400.0,180.0,0
600,370,0.0,0.0,169000,70000,0.2,7160,480.0,210.0,0
700,420,0.0,0.0,169000,70000,0.2,7160,560.0,230.0,0
800,480,0.0,0.0,169000,70000,0.2,7160,600.0,240.0,0
100,100,0.0,0.0,80000,32000,0.25,7160,190.0,170.0,0
150,150,0.0,0.0,85000,34000,0.25,7160,270.0,190.0,0
200,200,0.0,0.0,91000,36400,0.25,7160,340.0,210.0,0
250,250,0.0,0.0,105000,42000,0.25,7160,400.0,230.0,0
300,300,0.0,0.0,110000,44000,0.25,7160,460.0,250.0,0
350,350,0.0,0.0,115000,46000,0.25,7160,520.0,260.0,0
400,180,4.0,0.0,160000,64000,0.27,7160,300.0,220.0,0
580,300,4.0,0.0,160000,64000,0.27,7160,430.0,240.0,0
363,200,25.0,0.0,206000,80000,0.3,7160,0.0,105.0,0
441,240,22.0,0.0,206000,80000,0.3,7160,0.0,127.0,0
490,260,19.0,0.0,206000,80000,0.3,7160,0.0,147.0,0
588,300,10.0,0.0,206000,80000,0.3,7160,0.0,167.0,0
686,350,6.0,0.0,206000,80000,0.3,7160,0.0,193.0,0
530,300,0.0,0.0,206000,80000,0.3,7160,0.0,0.0,0
422,250,25.0,0.0,206000,80000,0.3,7160,0.0,120.0,0
490,290,20.0,0.0,206000,80000,0.3,7160,0.0,140.0,0
637,420,15.0,0.0,206000,80000,0.3,7160,0.0,190.0,0
785,520,5.0,0.0,206000,80000,0.3,7160,0.0,235.0,0
830,550,0.0,0.0,206000,80000,0.3,7160,0.0,250.0,0
981,650,3.0,0.0,206000,80000,0.3,7160,0.0,300.0,0
550,390,0.0,0.0,206000,80000,0.3,7160,0.0,0.0,0
500,320,0.0,0.0,206000,80000,0.3,7160,0.0,0.0,0
380,265,0.0,0.0,120000,45000,0.31,8800,0.0,0.0,0
380,265,0.0,0.0,120000,45000,0.31,8800,0.0,0.0,0
380,265,0.0,0.0,120000,45000,0.31,8800,0.0,0.0,0
380,265,0.0,0.0,120000,45000,0.31,8800,0.0,0.0,0
180,160,0.0,0.0,105000,40000,0.31,8800,0.0,0.0,0
180,160,0.0,0.0,105000,40000,0.31,8800,0.0,0.0,0
180,160,0.0,0.0,105000,40000,0.31,8800,0.0,0.0,0
150,120,0.0,0.0,105000,40000,0.31,8800,0.0,0.0,0
170,100,0.0,0.0,105000,40000,0.31,8800,0.0,0.0,0
400,130,0.0,0.0,120000,45000,0.32,8800,0.0,0.0,0
400,130,0.0,0.0,120000,45000,0.32,8800,0.0,0.0,0
330,100,0.0,0.0,100000,37000,0.34,8500,0.0,0.0,0
330,100,0.0,0.0,100000,37000,0.34,8500,0.0,0.0,0
330,100,0.0,0.0,100000,37000,0.34,8500,0.0,0.0,0
330,100,0.0,0.0,100000,37000,0.34,8500,0.0,0.0,0
350,255,0.0,0.0,100000,37000,0.34,8500,0.0,0.0,0
600,350,0.0,0.0,100000,37000,0.34,8500,0.0,0.0,0
400,230,11.0,0.0,73000,26000,0.33,2700,0.0,0.0,0
430,230,12.0,0.0,73000,26000,0.33,2700,0.0,0.0,0
430,230,0.0,0.0,73000,26000,0.33,2700,0.0,0.0,0
340,190,12.0,0.0,73000,26000,0.33,2700,0.0,0.0,0
280,100,0.0,0.0,73000,26000,0.33,2700,0.0,0.0,0
200,110,0.0,0.0,73000,26000,0.33,2700,0.0,0.0,0
200,110,0.0,0.0,73000,26000,0.33,2700,0.0,0.0,0
360,235,27.0,0.0,201000,78000,0.29,7856,0.0,0.0,0
370,245,26.0,0.0,201000,78000,0.29,7856,0.0,0.0,0
380,255,26.0,0.0,201000,78000,0.29,7856,0.0,0.0,0
400,255,25.0,0.0,201000,78000,0.29,7856,0.0,0.0,0
410,265,24.0,0.0,201000,78000,0.29,7856,0.0,0.0,0
410,265,24.0,0.0,201000,78000,0.29,7856,0.0,0.0,0
490,285,20.0,0.0,201000,78000,0.29,7856,0.0,0.0,0
490,295,20.0,0.0,201000,78000,0.29,7856,0.0,0.0,0
590,315,15.0,0.0,201000,78000,0.29,7856,0.0,0.0,0
600,320,15.0,0.0,201000,78000,0.29,7856,0.0,0.0,0
360,225,24.0,0.0,206000,80000,0.3,7860,0.0,0.0,0
370,235,25.0,0.0,206000,80000,0.3,7860,0.0,0.0,0
370,245,25.0,0.0,206000,80000,0.3,7860,0.0,0.0,0
390,265,23.0,0.0,206000,80000,0.3,7860,0.0,0.0,0
450,325,21.0,0.0,206000,80000,0.3,7860,370.0,0.0,0
480,335,20.0,0.0,206000,80000,0.3,7860,430.0,0.0,0
320,196,33.0,131.0,203000,78000,0.3,7871,0.0,0.0,3
330,205,31.0,143.0,206000,79000,0.3,7856,0.0,0.0,3
400,250,8.0,0.0,206000,79000,0.3,7856,1300.0,0.0,8
410,250,8.0,187.0,206000,79000,0.3,7856,0.0,0.0,7
290,190,26.0,143.0,206000,79000,0.3,7856,0.0,0.0,4
370,225,27.0,149.0,201000,78000,0.29,7850,0.0,0.0,3
450,250,8.0,0.0,201000,78000,0.29,7850,1300.0,0.0,8
440,340,8.0,197.0,201000,78000,0.29,7850,0.0,0.0,7
340,220,23.0,149.0,201000,78000,0.29,7850,0.0,0.0,4
410,245,25.0,163.0,212000,82000,0.29,7859,0.0,0.0,3
500,300,0.0,0.0,212000,82000,0.29,7859,0.0,0.0,8
490,300,7.0,207.0,212000,82000,0.29,7859,0.0,0.0,7
390,240,21.0,163.0,212000,82000,0.29,7859,0.0,0.0,4
450,275,23.0,170.0,198000,77000,0.29,7820,0.0,0.0,3
550,350,0.0,0.0,198000,77000,0.29,7820,0.0,0.0,8
540,350,7.0,217.0,198000,77000,0.29,7820,0.0,0.0,7
410,270,19.0,170.0,198000,77000,0.29,7820,0.0,0.0,4
490,295,21.0,179.0,200000,77000,0.3,7850,0.0,0.0,3
600,350,0.0,0.0,200000,77000,0.3,7850,0.0,0.0,9
560,340,7.0,229.0,200000,77000,0.3,7850,0.0,0.0,7
440,290,17.0,179.0,200000,77000,0.3,7850,0.0,0.0,4
575,295,21.0,0.0,200000,77000,0.3,7850,0.0,0.0,2
530,315,20.0,207.0,206000,79000,0.3,7826,0.0,0.0,3
650,380,19.0,0.0,206000,79000,0.3,7826,1210.0,0.0,9
1000,650,0.0,0.0,206000,79000,0.3,7826,0.0,0.0,2
590,350,6.0,229.0,206000,79000,0.3,7826,0.0,0.0,7
470,310,15.0,187.0,206000,79000,0.3,7826,0.0,0.0,4
625,315,20.0,0.0,206000,79000,0.3,7826,0.0,0.0,2
570,335,19.0,217.0,212000,82000,0.29,7850,0.0,0.0,3
700,400,0.0,0.0,212000,82000,0.29,7850,0.0,0.0,9
1000,650,0.0,0.0,212000,82000,0.29,7850,0.0,0.0,2
610,380,6.0,241.0,212000,82000,0.29,7850,0.0,0.0,7
510,330,14.0,197.0,212000,82000,0.29,7850,0.0,0.0,4
675,355,19.0,0.0,212000,82000,0.29,7850,0.0,0.0,2
600,355,16.0,220.0,200000,77000,0.3,7810,420.0,0.0,3
750,450,16.0,0.0,200000,77000,0.3,7810,1210.0,0.0,9
900,650,0.0,0.0,200000,77000,0.3,7810,0.0,0.0,2
1000,700,0.0,0.0,200000,77000,0.3,7810,0.0,0.0,2
1200,950,0.0,0.0,200000,77000,0.3,7810,0.0,0.0,2
750,450,0.0,0.0,200000,77000,0.3,7810,0.0,0.0,2
640,440,6.0,241.0,200000,77000,0.3,7810,0.0,0.0,7
540,350,13.0,207.0,200000,77000,0.3,7810,0.0,0.0,4
705,375,17.0,0.0,200000,77000,0.3,7810,0.0,0.0,2
600,355,14.0,241.0,216000,83000,0.3,7810,0.0,0.0,3
900,700,15.0,0.0,216000,83000,0.3,7810,1210.0,0.0,9
660,450,6.0,255.0,216000,83000,0.3,7810,0.0,0.0,7
560,370,12.0,217.0,216000,83000,0.3,7810,0.0,0.0,4
725,400,16.0,0.0,216000,83000,0.3,7810,0.0,0.0,2
630,375,13.0,255.0,210000,81000,0.3,7820,0.0,0.0,3
775,420,15.0,0.0,210000,81000,0.3,7820,0.0,0.0,2
680,400,12.0,255.0,204000,79000,0.29,7810,450.0,0.0,3
825,450,14.0,0.0,204000,79000,0.29,7810,0.0,0.0,2
460,280,0.0,0.0,204000,79000,0.29,7820,0.0,0.0,3
570,420,0.0,0.0,204000,79000,0.29,7820,0.0,0.0,2
550,320,0.0,0.0,200000,77000,0.3,7810,0.0,0.0,3
680,560,0.0,0.0,200000,77000,0.3,7810,0.0,0.0,2
600,360,0.0,0.0,204000,79000,0.29,7810,0.0,0.0,3
840,590,0.0,0.0,204000,79000,0.29,7810,0.0,0.0,2
660,400,0.0,0.0,216000,84000,0.29,7810,0.0,0.0,3
820,560,0.0,0.0,216000,84000,0.29,7810,0.0,0.0,2
750,440,0.0,0.0,215000,83000,0.3,7850,0.0,0.0,3
900,700,0.0,0.0,215000,83000,0.3,7850,0.0,0.0,9
1500,1250,0.0,0.0,215000,83000,0.3,7850,0.0,0.0,2
490,390,10.0,207.0,216000,83000,0.3,7860,0.0,0.0,0
510,390,7.0,217.0,216000,83000,0.3,7860,0.0,0.0,0
460,390,7.0,217.0,216000,83000,0.3,7860,0.0,0.0,0
530,390,7.0,217.0,216000,83000,0.3,7860,0.0,0.0,0
540,390,6.0,223.0,216000,83000,0.3,7860,0.0,0.0,0
570,390,6.0,229.0,216000,83000,0.3,7860,0.0,0.0,0
690,490,12.0,0.0,206000,80000,0.29,7860,0.0,0.0,0
780,635,11.0,179.0,216000,83000,0.3,7830,0.0,0.0,0
600,300,0.0,0.0,216000,83000,0.3,7830,0.0,0.0,3
700,500,0.0,0.0,216000,83000,0.3,7830,0.0,0.0,9
850,630,0.0,0.0,216000,83000,0.3,7830,0.0,0.0,2
880,685,12.0,187.0,208000,80000,0.3,7820,0.0,0.0,0
910,735,11.0,197.0,214000,83000,0.29,7850,0.0,0.0,0
980,785,10.0,217.0,214000,83000,0.29,7850,0.0,0.0,0
630,330,0.0,0.0,214000,83000,0.29,7850,0.0,0.0,3
800,650,0.0,0.0,214000,83000,0.29,7850,0.0,0.0,9
1100,900,0.0,0.0,214000,83000,0.29,7850,0.0,0.0,2
1300,1100,0.0,0.0,214000,83000,0.29,7850,0.0,0.0,2
1030,835,9.0,229.0,206000,79000,0.3,7820,0.0,0.0,0
650,350,0.0,0.0,206000,79000,0.3,7820,0.0,0.0,3
950,750,0.0,0.0,206000,79000,0.3,7820,0.0,0.0,9
1400,1200,0.0,0.0,206000,79000,0.3,7820,0.0,0.0,2
1080,885,9.0,229.0,207000,80000,0.29,7860,0.0,0.0,0
650,350,0.0,0.0,207000,80000,0.29,7860,0.0,0.0,3
1500,1300,0.0,0.0,207000,80000,0.29,7860,0.0,0.0,2
430,250,0.0,0.0,204000,79000,0.29,7790,0.0,0.0,3
630,370,0.0,0.0,204000,79000,0.29,7790,0.0,0.0,3
800,650,0.0,249.0,204000,79000,0.29,7790,0.0,0.0,2
670,390,0.0,0.0,212000,82000,0.29,7800,0.0,0.0,3
1120,950,0.0,331.0,212000,82000,0.29,7800,0.0,0.0,2
700,410,0.0,0.0,204000,79000,0.29,7810,0.0,0.0,3
850,700,0.0,295.0,204000,79000,0.29,7810,0.0,0.0,2
600,300,0.0,0.0,214000,83000,0.29,7640,0.0,0.0,3
900,700,0.0,0.0,214000,83000,0.29,7640,0.0,0.0,2
950,750,0.0,0.0,211000,82000,0.29,7640,0.0,0.0,9
930,735,12.0,229.0,208000,80000,0.3,7820,0.0,0.0,0
950,750,0.0,0.0,208000,80000,0.3,7820,0.0,0.0,2
930,835,12.0,241.0,213000,82000,0.3,7820,0.0,0.0,0
1000,850,0.0,270.0,213000,82000,0.3,7820,0.0,0.0,2
1600,1400,0.0,0.0,213000,82000,0.3,7820,0.0,0.0,2
800,735,10.0,187.0,213000,82000,0.3,7820,0.0,0.0,2
700,430,0.0,0.0,211000,82000,0.29,7800,0.0,0.0,3
1000,800,9.0,0.0,211000,82000,0.29,7800,0.0,0.0,2
1250,1050,0.0,0.0,212000,82000,0.29,7800,0.0,0.0,2
1100,800,0.0,0.0,212000,82000,0.29,7800,0.0,0.0,2
780,635,12.0,207.0,213000,82000,0.3,7760,0.0,0.0,0
800,650,0.0,0.0,213000,82000,0.3,7760,0.0,0.0,2
1300,1200,0.0,0.0,213000,82000,0.3,7800,0.0,0.0,2
1450,1400,0.0,0.0,213000,82000,0.3,7800,0.0,0.0,2
900,750,10.0,0.0,215000,83000,0.3,7810,0.0,0.0,2
1600,1300,0.0,0.0,215000,83000,0.3,7810,0.0,0.0,2
1080,835,10.0,229.0,213000,82000,0.3,7850,0.0,0.0,0
780,590,14.0,197.0,200000,77000,0.3,7850,0.0,0.0,0
980,785,11.0,229.0,200000,77000,0.3,7850,0.0,0.0,0
780,460,0.0,0.0,200000,77000,0.3,7850,0.0,0.0,3
1200,1000,0.0,0.0,200000,77000,0.3,7850,0.0,0.0,2
1030,835,10.0,207.0,200000,77000,0.3,7820,0.0,0.0,0
1080,885,9.0,207.0,200000,77000,0.3,7860,0.0,0.0,0
980,785,10.0,241.0,215000,83000,0.3,7850,0.0,0.0,0
800,600,0.0,0.0,211000,82000,0.29,7880,0.0,0.0,2
800,600,0.0,0.0,211000,82000,0.29,7880,0.0,0.0,2
950,700,11.0,0.0,200000,77000,0.3,7850,0.0,0.0,9
1000,850,0.0,0.0,200000,77000,0.3,7850,0.0,0.0,2
680,450,0.0,0.0,203000,78000,0.3,7850,0.0,0.0,2
1100,850,10.0,0.0,203000,78000,0.3,7850,0.0,0.0,2
1300,1100,0.0,0.0,203000,78000,0.3,7850,0.0,0.0,2
600,360,0.0,0.0,213000,82000,0.3,7850,0.0,0.0,4
1100,850,0.0,0.0,215000,83000,0.3,7850,0.0,0.0,9
1500,1300,0.0,0.0,215000,83000,0.3,7850,0.0,0.0,2
800,700,0.0,0.0,215000,83000,0.3,7850,0.0,0.0,2
930,785,12.0,0.0,206000,80000,0.29,7860,0.0,0.0,2
980,835,14.0,0.0,206000,80000,0.3,7860,0.0,0.0,0
410,235,21.0,217.0,212000,82000,0.29,7850,0.0,0.0,0
470,255,21.0,217.0,198000,77000,0.29,7800,0.0,0.0,0
780,665,15.0,229.0,200000,77000,0.3,7800,0.0,0.0,0
780,665,14.0,229.0,200000,77000,0.3,7800,0.0,0.0,0
880,735,14.0,229.0,213000,82000,0.3,7840,0.0,0.0,0
780,665,16.0,229.0,213000,82000,0.3,7840,0.0,0.0,0
640,440,18.0,270.0,200000,77000,0.3,7850,0.0,0.0,0
880,735,12.0,269.0,207000,80000,0.29,7800,0.0,0.0,0
390,165,24.0,217.0,215000,83000,0.3,7630,0.0,0.0,0
390,215,22.0,217.0,211000,82000,0.29,7750,0.0,0.0,0
390,215,22.0,217.0,200000,77000,0.3,7850,0.0,0.0,0
390,165,22.0,217.0,200000,77000,0.3,7850,0.0,0.0,0
930,735,14.0,302.0,200000,77000,0.3,7850,0.0,0.0,0
1130,885,12.0,302.0,200000,77000,0.3,7850,0.0,0.0,0
880,590,8.0,0.0,200000,77000,0.3,8120,0.0,0.0,0
980,685,10.0,0.0,200000,77000,0.3,8120,0.0,0.0,0
510,196,40.0,0.0,215000,83000,0.3,7630,0.0,0.0,0
540,196,40.0,0.0,195000,75000,0.3,7900,0.0,0.0,0
540,196,40.0,0.0,200000,77000,0.3,7850,0.0,0.0,0
690,325,40.0,0.0,216000,84000,0.29,7670,0.0,0.0,0
475,230,27.0,156.0,206000,80000,0.29,7860,0.0,0.0,3
450,210,25.0,156.0,206000,80000,0.29,7860,0.0,0.0,3
625,350,20.0,156.0,206000,80000,0.29,7860,0.0,0.0,2
575,300,22.0,156.0,206000,80000,0.29,7860,0.0,0.0,2
495,260,25.0,170.0,206000,80000,0.29,7860,0.0,0.0,3
495,240,25.0,170.0,206000,80000,0.29,7860,0.0,0.0,3
475,220,23.0,170.0,206000,80000,0.29,7860,0.0,0.0,3
625,370,19.0,170.0,206000,80000,0.29,7860,0.0,0.0,2
575,320,21.0,170.0,206000,80000,0.29,7860,0.0,0.0,2
540,280,23.0,179.0,206000,80000,0.29,7860,0.0,0.0,3
540,250,23.0,179.0,206000,80000,0.29,7860,0.0,0.0,3
520,230,21.0,179.0,206000,80000,0.29,7860,0.0,0.0,3
675,400,18.0,179.0,206000,80000,0.29,7860,0.0,0.0,2
625,350,20.0,179.0,206000,80000,0.29,7860,0.0,0.0,2
575,300,21.0,179.0,206000,80000,0.29,7860,0.0,0.0,2
575,300,21.0,207.0,206000,80000,0.29,7860,0.0,0.0,3
575,270,21.0,207.0,206000,80000,0.29,7860,0.0,0.0,3
555,245,19.0,207.0,206000,80000,0.29,7860,0.0,0.0,3
705,430,17.0,187.0,206000,80000,0.29,7860,0.0,0.0,2
675,370,19.0,187.0,206000,80000,0.29,7860,0.0,0.0,2
625,320,20.0,187.0,206000,80000,0.29,7860,0.0,0.0,2
625,320,19.0,217.0,206000,80000,0.29,7860,0.0,0.0,3
625,290,19.0,217.0,206000,80000,0.29,7860,0.0,0.0,3
605,260,17.0,217.0,206000,80000,0.29,7860,0.0,0.0,3
725,460,16.0,187.0,206000,80000,0.29,7860,0.0,0.0,2
705,400,18.0,187.0,206000,80000,0.29,7860,0.0,0.0,2
675,350,19.0,187.0,206000,80000,0.29,7860,0.0,0.0,2
675,340,17.0,229.0,206000,80000,0.29,7860,0.0,0.0,3
675,305,17.0,229.0,206000,80000,0.29,7860,0.0,0.0,3
655,275,15.0,229.0,206000,80000,0.29,7860,0.0,0.0,3
775,500,14.0,197.0,206000,80000,0.29,7860,0.0,0.0,2
725,430,16.0,197.0,206000,80000,0.29,7860,0.0,0.0,2
705,370,17.0,197.0,206000,80000,0.29,7860,0.0,0.0,2
710,355,16.0,241.0,206000,80000,0.29,7860,0.0,0.0,3
710,320,16.0,241.0,206000,80000,0.29,7860,0.0,0.0,3
690,290,14.0,241.0,206000,80000,0.29,7860,0.0,0.0,3
825,520,13.0,207.0,206000,80000,0.29,7860,0.0,0.0,2
775,460,15.0,207.0,206000,80000,0.29,7860,0.0,0.0,2
725,400,16.0,207.0,206000,80000,0.29,7860,0.0,0.0,2
750,370,15.0,255.0,206000,80000,0.29,7860,0.0,0.0,3
750,330,15.0,255.0,206000,80000,0.29,7860,0.0,0.0,3
730,300,13.0,255.0,206000,80000,0.29,7860,0.0,0.0,3
875,550,12.0,217.0,206000,80000,0.29,7860,0.0,0.0,2
825,500,14.0,217.0,206000,80000,0.29,7860,0.0,0.0,2
775,430,15.0,217.0,206000,80000,0.29,7860,0.0,0.0,2
785,380,14.0,255.0,206000,80000,0.29,7860,0.0,0.0,3
785,340,14.0,255.0,206000,80000,0.29,7860,0.0,0.0,3
755,310,12.0,255.0,206000,80000,0.29,7860,0.0,0.0,3
925,580,11.0,229.0,206000,80000,0.29,7860,0.0,0.0,2
875,520,13.0,229.0,206000,80000,0.29,7860,0.0,0.0,2
825,450,14.0,229.0,206000,80000,0.29,7860,0.0,0.0,2
925,650,12.0,187.0,206000,80000,0.29,7860,0.0,0.0,2
825,550,14.0,187.0,206000,80000,0.29,7860,0.0,0.0,2
725,410,15.0,187.0,206000,80000,0.29,7860,0.0,0.0,2
1050,750,11.0,207.0,206000,80000,0.29,7860,0.0,0.0,2
925,630,13.0,207.0,206000,80000,0.29,7860,0.0,0.0,2
825,510,14.0,207.0,206000,80000,0.29,7860,0.0,0.0,2
1100,800,10.0,217.0,206000,80000,0.29,7860,0.0,0.0,2
1000,660,12.0,217.0,206000,80000,0.29,7860,0.0,0.0,2
875,560,14.0,217.0,206000,80000,0.29,7860,0.0,0.0,2
392,196,24.0,0.0,200000,77000,0.3,7820,0.0,0.0,3
412,216,22.0,0.0,200000,77000,0.3,7820,0.0,0.0,3
441,235,19.0,0.0,205000,79000,0.3,7830,0.0,0.0,3
471,255,17.0,0.0,210000,81000,0.3,7810,0.0,0.0,3
491,275,15.0,0.0,212000,82000,0.29,7830,0.0,0.0,3
520,294,14.0,0.0,215000,83000,0.3,7810,0.0,0.0,3
540,314,12.0,0.0,215000,83000,0.3,7800,0.0,0.0,3
569,334,11.0,0.0,219000,85000,0.29,7820,0.0,0.0,3
540,275,18.0,0.0,200000,77000,0.3,7820,0.0,0.0,3
540,294,12.0,0.0,200000,77000,0.3,7820,0.0,0.0,3
589,343,0.0,0.0,200000,77000,0.3,7820,0.0,0.0,2
540,294,18.0,0.0,200000,77000,0.3,7820,0.0,0.0,3
589,343,14.0,0.0,200000,77000,0.3,7820,0.0,0.0,3
638,392,0.0,0.0,200000,77000,0.3,7820,0.0,0.0,2
510,314,17.0,0.0,200000,77000,0.3,7820,0.0,0.0,3
491,294,18.0,0.0,200000,77000,0.3,7820,0.0,0.0,3
589,392,15.0,0.0,200000,77000,0.3,7820,0.0,0.0,3
589,392,12.0,0.0,200000,77000,0.3,7820,0.0,0.0,3
441,245,18.0,0.0,215000,83000,0.3,7800,0.0,0.0,3
491,275,16.0,0.0,200000,77000,0.3,7820,0.0,0.0,3
589,491,15.0,0.0,200000,77000,0.3,7820,0.0,0.0,3
589,392,12.0,0.0,215000,83000,0.3,7840,0.0,0.0,3
687,540,12.0,0.0,200000,77000,0.3,7820,0.0,0.0,3
589,343,14.0,0.0,215000,83000,0.3,7800,0.0,0.0,3
785,589,0.0,0.0,215000,83000,0.3,7800,0.0,0.0,2
491,392,12.0,0.0,200000,77000,0.3,7820,0.0,0.0,3
441,343,18.0,0.0,212000,82000,0.29,7820,0.0,0.0,3
491,392,18.0,0.0,200000,77000,0.3,7820,0.0,0.0,3
638,540,12.0,0.0,200000,77000,0.3,7820,0.0,0.0,3
491,294,22.0,0.0,205000,79000,0.3,7830,0.0,0.0,2
491,294,17.0,0.0,205000,79000,0.3,7810,0.0,0.0,2
540,343,16.0,0.0,205000,79000,0.3,7830,0.0,0.0,2
540,343,14.0,0.0,205000,79000,0.3,7810,0.0,0.0,2
589,392,10.0,0.0,205000,79000,0.3,7800,0.0,0.0,2
736,392,14.0,0.0,205000,79000,0.3,7820,0.0,0.0,2
530,334,14.0,0.0,205000,79000,0.3,7820,0.0,0.0,2
589,343,14.0,0.0,200000,77000,0.3,7820,0.0,0.0,2
638,392,14.0,0.0,200000,77000,0.3,7820,0.0,0.0,2
785,589,14.0,0.0,200000,77000,0.3,7820,0.0,0.0,2
687,491,12.0,0.0,200000,77000,0.3,7820,0.0,0.0,2
638,441,10.0,0.0,200000,77000,0.3,7820,0.0,0.0,2
638,491,12.0,0.0,205000,79000,0.3,7850,0.0,0.0,2
687,589,14.0,0.0,200000,77000,0.3,7820,0.0,0.0,2
687,540,12.0,0.0,205000,79000,0.3,7840,0.0,0.0,2
785,638,10.0,0.0,205000,79000,0.3,7820,0.0,0.0,2
785,589,10.0,0.0,205000,79000,0.3,7800,0.0,0.0,2
736,589,12.0,0.0,200000,77000,0.3,7820,0.0,0.0,2
638,540,12.0,0.0,200000,77000,0.3,7820,0.0,0.0,2
785,638,12.0,0.0,200000,77000,0.3,7820,0.0,0.0,2
981,735,10.0,0.0,200000,77000,0.3,7820,0.0,0.0,2
1275,1079,6.0,0.0,200000,77000,0.3,7820,0.0,0.0,2
1324,1079,9.0,0.0,200000,77000,0.3,7820,0.0,0.0,2
638,491,12.0,0.0,200000,77000,0.3,7820,0.0,0.0,2
1275,1079,5.0,0.0,200000,77000,0.3,7820,0.0,0.0,2
1472,1177,5.0,0.0,200000,77000,0.3,7820,0.0,0.0,2
1766,1472,4.0,0.0,200000,77000,0.3,7820,0.0,0.0,2
1324,1275,8.0,0.0,200000,77000,0.3,7820,0.0,0.0,2
1472,1422,8.0,0.0,200000,77000,0.3,7820,0.0,0.0,2
638,491,0.0,0.0,219000,85000,0.29,7840,0.0,0.0,2
1270,1080,8.0,0.0,206000,80000,0.3,7860,0.0,0.0,5
1270,1175,6.0,0.0,206000,80000,0.3,7860,0.0,0.0,5
1270,1175,7.0,0.0,206000,80000,0.3,7860,0.0,0.0,5
1420,1325,6.0,0.0,206000,80000,0.3,7860,0.0,0.0,5
100,50,0.0,190.0,90000,36000,0.25,6800,0.0,0.0,0
150,75,0.0,210.0,90000,36000,0.25,7000,270.0,0.0,0
180,90,0.0,0.0,95000,38000,0.25,7050,0.0,0.0,0
200,100,0.0,230.0,100000,40000,0.25,7100,340.0,0.0,0
210,105,0.0,0.0,100000,40000,0.25,7150,0.0,0.0,0
240,120,0.0,0.0,105000,42000,0.25,7200,0.0,0.0,0
250,125,0.0,245.0,110000,44000,0.25,7200,400.0,0.0,0
300,150,0.0,260.0,120000,48000,0.25,7300,460.0,0.0,0
350,175,0.0,275.0,125000,50000,0.25,7400,520.0,0.0,0
350,220,22.0,155.0,170000,70000,0.21,7160,0.0,0.0,0
400,250,15.0,171.0,170000,70000,0.21,7160,0.0,0.0,0
450,310,10.0,182.0,170000,70000,0.21,7160,0.0,0.0,0
500,320,7.0,199.0,170000,70000,0.21,7160,400.0,0.0,0
600,370,3.0,234.0,180000,75000,0.2,7160,480.0,0.0,0
700,420,2.0,265.0,180000,75000,0.2,7160,560.0,0.0,0
800,480,2.0,299.0,180000,75000,0.2,7160,600.0,0.0,0
1000,700,2.0,315.0,185000,77000,0.2,7160,0.0,0.0,0
294,170,6.0,131.0,160000,64000,0.25,7160,0.0,0.0,0
323,190,8.0,131.0,160000,64000,0.25,7160,0.0,0.0,0
333,190,10.0,131.0,160000,64000,0.25,7160,0.0,0.0,0
362,210,12.0,136.0,160000,64000,0.25,7160,0.0,0.0,0
441,260,7.0,178.0,160000,64000,0.25,7160,0.0,0.0,0
490,290,5.0,200.0,160000,64000,0.25,7160,370.0,0.0,0
539,325,4.0,216.0,160000,64000,0.25,7160,0.0,0.0,0
588,350,3.0,234.0,160000,64000,0.25,7160,0.0,0.0,0
637,380,3.0,240.0,160000,64000,0.25,7160,0.0,0.0,0
686,410,2.0,263.0,160000,64000,0.25,7160,0.0,0.0,0
784,470,1.5,295.0,160000,64000,0.25,7160,0.0,0.0,0
400,180,4.0,220.0,160000,64000,0.25,7160,300.0,0.0,0
360,240,26.0,0.0,206000,80000,0.3,7860,0.0,0.0,0
630,370,14.0,0.0,206000,80000,0.3,7860,0.0,0.0,0
270,180,34.0,0.0,206000,80000,0.3,7860,0.0,0.0,0
270,240,34.0,0.0,206000,80000,0.3,7860,0.0,0.0,0
270,225,38.0,0.0,206000,80000,0.3,7860,0.0,0.0,0
330,155,27.0,0.0,206000,80000,0.3,7860,0.0,0.0,0
360,235,26.0,0.0,206000,80000,0.3,7860,0.0,0.0,0
410,255,23.0,0.0,206000,80000,0.3,7860,0.0,0.0,0
340,215,25.0,0.0,206000,80000,0.3,7860,0.0,0.0,0
340,215,25.0,0.0,206000,80000,0.3,7860,0.0,0.0,0
400,275,22.0,0.0,206000,80000,0.3,7860,0.0,0.0,0
400,255,23.0,0.0,206000,80000,0.3,7860,0.0,0.0,0
490,295,19.0,0.0,206000,80000,0.3,7860,310.0,140.0,0
490,355,20.0,0.0,206000,80000,0.3,7860,0.0,0.0,0
490,355,22.0,0.0,206000,80000,0.3,7860,0.0,0.0,0
590,335,15.0,0.0,206000,80000,0.3,7860,375.0,170.0,0
690,365,10.0,0.0,206000,80000,0.3,7860,437.0,197.0,0
490,350,16.0,0.0,206000,80000,0.3,7860,0.0,0.0,0
690,500,11.0,0.0,206000,80000,0.3,7860,0.0,0.0,0
440,270,21.0,0.0,206000,80000,0.3,7860,0.0,0.0,0
490,305,20.0,0.0,206000,80000,0.3,7860,0.0,0.0,0
570,365,18.0,0.0,206000,80000,0.3,7860,0.0,0.0,0
630,400,17.0,0.0,206000,80000,0.3,7860,0.0,0.0,0
670,430,16.0,0.0,206000,80000,0.3,7860,0.0,0.0,0
670,430,16.0,0.0,206000,80000,0.3,7860,0.0,0.0,0
710,460,15.0,0.0,206000,80000,0.3,7860,450.0,200.0,5
670,430,16.0,0.0,206000,80000,0.3,7860,0.0,0.0,0
750,490,14.0,0.0,206000,80000,0.3,7860,0.0,0.0,0
710,410,14.0,0.0,206000,80000,0.3,7860,0.0,0.0,0
750,490,14.0,0.0,206000,80000,0.3,7860,0.0,0.0,0
470,290,22.0,0.0,206000,80000,0.3,7860,0.0,0.0,0
670,500,16.0,0.0,206000,80000,0.3,7860,0.0,0.0,0
1500,1350,6.0,0.0,206000,80000,0.3,7860,0.0,0.0,5
780,590,14.0,0.0,206000,80000,0.3,7860,0.0,0.0,0
830,620,13.0,0.0,206000,80000,0.3,7860,0.0,0.0,0
880,600,12.0,0.0,206000,80000,0.3,7860,0.0,0.0,0
880,715,12.0,0.0,206000,80000,0.3,7860,0.0,0.0,0
880,685,12.0,0.0,206000,80000,0.3,7860,0.0,0.0,0
980,700,9.0,0.0,206000,80000,0.3,7860,1300.0,670.0,8
1200,850,7.0,0.0,206000,80000,0.3,7860,1300.0,670.0,8
1370,1180,6.0,0.0,206000,80000,0.3,7860,0.0,0.0,5
440,270,24.0,0.0,206000,80000,0.3,7860,0.0,0.0,0
450,295,20.0,0.0,206000,80000,0.3,7860,0.0,0.0,0
780,600,14.0,0.0,206000,80000,0.3,7860,0.0,0.0,0
880,700,12.0,0.0,206000,80000,0.3,7860,0.0,0.0,0
980,770,11.0,0.0,206000,80000,0.3,7860,0.0,0.0,5
980,815,11.0,0.0,206000,80000,0.3,7860,1210.0,610.0,8
1320,1125,7.0,0.0,206000,80000,0.3,7860,0.0,0.0,5
900,720,13.0,0.0,206000,80000,0.3,7860,1360.0,720.0,11
1030,810,10.0,0.0,206000,80000,0.3,7860,0.0,0.0,5
980,770,11.0,0.0,206000,80000,0.3,7860,1360.0,720.0,11
1100,800,9.0,0.0,206000,80000,0.3,7860,1300.0,670.0,8
1200,850,8.0,0.0,206000,80000,0.3,7860,1300.0,670.0,8
1030,850,12.0,0.0,206000,80000,0.3,7860,0.0,0.0,5
420,225,20.0,0.0,206000,80000,0.3,7860,0.0,0.0,0
630,440,16.0,0.0,206000,80000,0.3,7860,0.0,0.0,0
730,540,14.0,0.0,206000,80000,0.3,7860,0.0,0.0,0
830,635,11.0,0.0,206000,80000,0.3,7860,0.0,0.0,0
440,245,18.0,0.0,206000,80000,0.3,7860,0.0,0.0,0
440,240,24.0,0.0,206000,80000,0.3,7860,0.0,0.0,0
900,700,14.0,0.0,206000,80000,0.3,7860,0.0,0.0,0
420,225,20.0,0.0,206000,80000,0.3,7860,0.0,0.0,0
590,410,16.0,0.0,206000,80000,0.3,7860,0.0,0.0,0
1000,800,7.0,0.0,206000,80000,0.3,7860,0.0,0.0,0
510,195,45.0,0.0,206000,80000,0.3,7860,0.0,0.0,0
510,205,40.0,0.0,206000,80000,0.3,7860,0.0,0.0,0
510,205,40.0,0.0,206000,80000,0.3,7860,0.0,0.0,0
450,185,45.0,0.0,206000,80000,0.3,7860,0.0,0.0,0
540,240,30.0,0.0,206000,80000,0.3,7860,0.0,0.0,0
590,240,30.0,0.0,206000,80000,0.3,7860,0.0,0.0,0
540,240,30.0,0.0,206000,80000,0.3,7860,0.0,0.0,0
540,240,30.0,0.0,206000,80000,0.3,7860,0.0,0.0,0
540,240,30.0,0.0,206000,80000,0.3,7860,0.0,0.0,0
540,240,30.0,0.0,206000,80000,0.3,7860,0.0,0.0,0
530,205,45.0,0.0,206000,80000,0.3,7860,0.0,0.0,0
490,216,40.0,0.0,206000,80000,0.3,7860,0.0,0.0,0
470,186,45.0,0.0,206000,80000,0.3,7860,0.0,0.0,0
480,195,45.0,0.0,206000,80000,0.3,7860,0.0,0.0,0
530,205,45.0,0.0,206000,80000,0.3,7860,0.0,0.0,0
950,600,8.0,0.0,206000,80000,0.3,7860,0.0,0.0,0
150,150,0.0,0.0,85000,34000,0.25,7160,270.0,190.0,0
200,200,0.0,0.0,85000,34000,0.25,7160,340.0,210.0,0
250,250,0.0,0.0,85000,34000,0.25,7160,400.0,230.0,0
300,300,0.0,0.0,85000,34000,0.25,7160,460.0,250.0,0
350,350,0.0,0.0,85000,34000,0.25,7160,520.0,260.0,0
500,320,0.0,0.0,169000,70000,0.2,7160,400.0,180.0,0
600,370,0.0,0.0,169000,70000,0.2,7160,480.0,210.0,0
700,420,0.0,0.0,169000,70000,0.2,7160,560.0,230.0,0
800,480,0.0,0.0,169000,70000,0.2,7160,600.0,240.0,0
400,180,4.0,0.0,160000,64000,0.27,7160,300.0,220.0,0
500,260,4.0,0.0,160000,64000,0.27,7160,370.0,230.0,0
460,375,8.0,0.0,206000,80000,0.3,7860,0.0,0.0,0
360,195,26.0,0.0,206000,80000,0.3,7860,0.0,0.0,0
440,305,20.0,0.0,206000,80000,0.3,7860,0.0,0.0,0
340,175,35.0,0.0,206000,80000,0.3,7860,0.0,0.0,0
470,355,20.0,0.0,206000,80000,0.3,7860,0.0,0.0,0
400,235,0.0,0.0,206000,80000,0.3,7860,0.0,0.0,0
490,275,19.0,0.0,206000,80000,0.3,7860,313.0,141.0,0
520,335,19.0,0.0,206000,80000,0.3,7860,0.0,0.0,0
520,335,19.0,0.0,206000,80000,0.3,7860,0.0,0.0,0
510,325,20.0,0.0,206000,80000,0.3,7860,0.0,0.0,0
620,460,12.0,0.0,206000,80000,0.3,7860,0.0,0.0,0
570,450,20.0,0.0,206000,80000,0.3,7860,375.0,169.0,0
420,300,16.0,0.0,206000,80000,0.3,7860,0.0,0.0,0
440,340,12.0,0.0,206000,80000,0.3,7860,0.0,0.0,0
420,250,22.0,0.0,206000,80000,0.3,7860,0.0,0.0,0
480,300,21.0,0.0,206000,80000,0.3,7860,0.0,0.0,0
540,340,20.0,0.0,206000,80000,0.3,7860,0.0,0.0,0
600,370,19.0,0.0,206000,80000,0.3,7860,0.0,0.0,0
630,400,18.0,0.0,206000,80000,0.3,7860,0.0,0.0,0
650,430,16.0,0.0,206000,80000,0.3,7860,426.0,192.0,0
700,460,15.0,0.0,206000,80000,0.3,7860,0.0,0.0,0
750,500,14.0,0.0,206000,80000,0.3,7860,0.0,0.0,0
780,510,13.0,0.0,206000,80000,0.3,7860,470.0,210.0,0
700,490,15.0,0.0,206000,80000,0.3,7860,0.0,0.0,0
770,570,14.0,0.0,206000,80000,0.3,7860,0.0,0.0,0
800,600,13.0,0.0,206000,80000,0.3,7860,0.0,0.0,0
880,640,12.0,0.0,206000,80000,0.3,7860,0.0,0.0,0
980,680,8.0,0.0,206000,80000,0.3,7860,0.0,0.0,0
1226,1079,9.0,0.0,206000,80000,0.3,7860,0.0,0.0,5
830,630,13.0,0.0,206000,80000,0.3,7860,0.0,0.0,0
880,660,12.0,0.0,206000,80000,0.3,7860,0.0,0.0,0
930,735,11.0,0.0,206000,80000,0.3,7860,0.0,0.0,0
860,680,12.0,0.0,206000,80000,0.3,7860,0.0,0.0,0
1226,1079,10.0,0.0,206000,80000,0.3,7860,0.0,0.0,0
930,680,10.0,0.0,206000,80000,0.3,7860,0.0,0.0,0
1100,800,9.0,0.0,206000,80000,0.3,7860,0.0,0.0,0
1100,900,10.0,0.0,206000,80000,0.3,7860,0.0,0.0,0
1200,1000,9.0,0.0,206000,80000,0.3,7860,0.0,0.0,0
588,392,25.0,0.0,206000,80000,0.3,7860,0.0,0.0,0
412,177,20.0,0.0,206000,80000,0.3,7860,0.0,0.0,0
539,343,25.0,0.0,206000,80000,0.3,7860,0.0,0.0,0
637,441,20.0,0.0,206000,80000,0.3,7860,0.0,0.0,0
735,539,12.0,0.0,206000,80000,0.3,7860,0.0,0.0,0
430,205,22.0,0.0,206000,80000,0.3,7860,0.0,0.0,0
785,588,15.0,0.0,206000,80000,0.3,7860,0.0,0.0,0
520,205,40.0,0.0,206000,80000,0.3,7860,0.0,0.0,0
520,205,40.0,0.0,206000,80000,0.3,7860,0.0,0.0,0
520,205,40.0,0.0,206000,80000,0.3,7860,0.0,0.0,0
480,175,40.0,0.0,206000,80000,0.3,7860,0.0,0.0,0
520,205,40.0,0.0,206000,80000,0.3,7860,0.0,0.0,0
480,175,40.0,0.0,206000,80000,0.3,7860,0.0,0.0,0
520,205,40.0,0.0,206000,80000,0.3,7860,0.0,0.0,0
930,685,15.0,0.0,206000,80000,0.3,7860,0.0,0.0,0
560,205,40.0,0.0,206000,80000,0.3,7860,0.0,0.0,0
590,205,40.0,0.0,206000,80000,0.3,7860,0.0,0.0,0
880,560,8.0,0.0,206000,80000,0.3,7860,0.0,0.0,0
150,150,0.0,0.0,85000,34000,0.25,7160,270.0,190.0,0
200,200,0.0,0.0,85000,34000,0.25,7160,340.0,210.0,0
250,250,0.0,0.0,85000,34000,0.25,7160,400.0,230.0,0
300,300,0.0,0.0,85000,34000,0.25,7160,460.0,250.0,0
350,350,0.0,0.0,85000,34000,0.25,7160,520.0,260.0,0
500,320,0.0,0.0,169000,70000,0.2,7160,400.0,180.0,0
600,370,0.0,0.0,169000,70000,0.2,7160,480.0,210.0,0
700,420,0.0,0.0,169000,70000,0.2,7160,560.0,230.0,0
800,480,0.0,0.0,169000,70000,0.2,7160,600.0,240.0,0
400,180,4.0,0.0,160000,64000,0.27,7160,300.0,220.0,0
500,260,4.0,0.0,160000,64000,0.27,7160,370.0,230.0,0
